[
{
  "model": "wagtailembeds.embed",
  "pk": 1,
  "fields": {
    "url": "https://www.youtube.com/watch?v=XOlm4OIpx4s&list=PL_3jRxb_XvLlWDfSSLlr4ZLEBwzYvcjRI",
    "max_width": null,
    "type": "video",
    "html": "<iframe width=\"459\" height=\"344\" src=\"https://www.youtube.com/embed/videoseries?list=PL_3jRxb_XvLlWDfSSLlr4ZLEBwzYvcjRI\" frameborder=\"0\" allowfullscreen></iframe>",
    "title": "The Tallest Man On Earth - Burden of Tomorrow",
    "author_name": "Adam W",
    "provider_name": "YouTube",
    "thumbnail_url": "https://i.ytimg.com/vi/XOlm4OIpx4s/hqdefault.jpg",
    "width": 459,
    "height": 344,
    "last_updated": "2017-04-11T08:35:54.757Z"
  }
},
{
  "model": "wagtailembeds.embed",
  "pk": 2,
  "fields": {
    "url": "https://www.youtube.com/watch?v=XOlm4OIpx4s&amp;list=PL_3jRxb_XvLlWDfSSLlr4ZLEBwzYvcjRI",
    "max_width": null,
    "type": "video",
    "html": "<iframe width=\"459\" height=\"344\" src=\"https://www.youtube.com/embed/videoseries?list=PL_3jRxb_XvLlWDfSSLlr4ZLEBwzYvcjRI\" frameborder=\"0\" allowfullscreen></iframe>",
    "title": "The Tallest Man On Earth - Burden of Tomorrow",
    "author_name": "Adam W",
    "provider_name": "YouTube",
    "thumbnail_url": "https://i.ytimg.com/vi/XOlm4OIpx4s/hqdefault.jpg",
    "width": 459,
    "height": 344,
    "last_updated": "2017-04-11T08:37:22.961Z"
  }
},
{
  "model": "wagtailembeds.embed",
  "pk": 3,
  "fields": {
    "url": "https://www.youtube.com/watch?v=zp2z2JlTzxY",
    "max_width": null,
    "type": "video",
    "html": "<iframe width=\"459\" height=\"344\" src=\"https://www.youtube.com/embed/zp2z2JlTzxY?feature=oembed\" frameborder=\"0\" allowfullscreen></iframe>",
    "title": "First Snow",
    "author_name": "Ramshackles",
    "provider_name": "YouTube",
    "thumbnail_url": "https://i.ytimg.com/vi/zp2z2JlTzxY/hqdefault.jpg",
    "width": 459,
    "height": 344,
    "last_updated": "2017-04-11T08:51:38.211Z"
  }
},
{
  "model": "wagtailimages.rendition",
  "pk": 1,
  "fields": {
    "filter_spec": "max-165x165",
    "file": "images/EP_Jacket_Front.max-165x165.jpg",
    "width": 163,
    "height": 165,
    "focal_point_key": "",
    "image": 1
  }
},
{
  "model": "wagtailimages.rendition",
  "pk": 2,
  "fields": {
    "filter_spec": "original",
    "file": "images/EP_Jacket_Front.original.jpg",
    "width": 1476,
    "height": 1494,
    "focal_point_key": "",
    "image": 1
  }
},
{
  "model": "wagtailimages.rendition",
  "pk": 3,
  "fields": {
    "filter_spec": "max-800x600",
    "file": "images/EP_Jacket_Front.max-800x600.jpg",
    "width": 592,
    "height": 600,
    "focal_point_key": "",
    "image": 1
  }
},
{
  "model": "wagtailimages.rendition",
  "pk": 4,
  "fields": {
    "filter_spec": "fill-320x240",
    "file": "images/EP_Jacket_Front.2e16d0ba.fill-320x240.jpg",
    "width": 320,
    "height": 240,
    "focal_point_key": "2e16d0ba",
    "image": 1
  }
},
{
  "model": "wagtailimages.rendition",
  "pk": 5,
  "fields": {
    "filter_spec": "width-240",
    "file": "images/EP_Jacket_Front.width-240.jpg",
    "width": 240,
    "height": 242,
    "focal_point_key": "",
    "image": 1
  }
},
{
  "model": "wagtailimages.rendition",
  "pk": 6,
  "fields": {
    "filter_spec": "width-320",
    "file": "images/EP_Jacket_Front.width-320.jpg",
    "width": 320,
    "height": 323,
    "focal_point_key": "",
    "image": 1
  }
},
{
  "model": "wagtailimages.rendition",
  "pk": 7,
  "fields": {
    "filter_spec": "max-320x320",
    "file": "images/EP_Jacket_Front.max-320x320.jpg",
    "width": 316,
    "height": 320,
    "focal_point_key": "",
    "image": 1
  }
},
{
  "model": "wagtailimages.rendition",
  "pk": 8,
  "fields": {
    "filter_spec": "max-320x240",
    "file": "images/EP_Jacket_Front.max-320x240.jpg",
    "width": 237,
    "height": 240,
    "focal_point_key": "",
    "image": 1
  }
},
{
  "model": "wagtailimages.rendition",
  "pk": 9,
  "fields": {
    "filter_spec": "max-640x480",
    "file": "images/EP_Jacket_Front.max-640x480.jpg",
    "width": 474,
    "height": 480,
    "focal_point_key": "",
    "image": 1
  }
},
{
  "model": "wagtailimages.rendition",
  "pk": 10,
  "fields": {
    "filter_spec": "max-165x165",
    "file": "images/fleet-foxes.max-165x165.jpg",
    "width": 165,
    "height": 165,
    "focal_point_key": "",
    "image": 2
  }
},
{
  "model": "wagtailimages.rendition",
  "pk": 11,
  "fields": {
    "filter_spec": "max-320x320",
    "file": "images/fleet-foxes.max-320x320.jpg",
    "width": 320,
    "height": 320,
    "focal_point_key": "",
    "image": 2
  }
},
{
  "model": "wagtailimages.rendition",
  "pk": 12,
  "fields": {
    "filter_spec": "max-165x165",
    "file": "images/blonde-on-blonde-550f6853c43ad.max-165x165.jpg",
    "width": 165,
    "height": 165,
    "focal_point_key": "",
    "image": 3
  }
},
{
  "model": "wagtailimages.rendition",
  "pk": 13,
  "fields": {
    "filter_spec": "max-320x320",
    "file": "images/blonde-on-blonde-550f6853c43ad.max-320x320.jpg",
    "width": 320,
    "height": 320,
    "focal_point_key": "",
    "image": 3
  }
},
{
  "model": "wagtailimages.rendition",
  "pk": 14,
  "fields": {
    "filter_spec": "max-165x165",
    "file": "images/ys-502fe09d48824.max-165x165.jpg",
    "width": 165,
    "height": 165,
    "focal_point_key": "",
    "image": 4
  }
},
{
  "model": "wagtailimages.rendition",
  "pk": 15,
  "fields": {
    "filter_spec": "max-320x320",
    "file": "images/ys-502fe09d48824.max-320x320.jpg",
    "width": 320,
    "height": 320,
    "focal_point_key": "",
    "image": 4
  }
},
{
  "model": "wagtailimages.rendition",
  "pk": 16,
  "fields": {
    "filter_spec": "max-165x165",
    "file": "images/the-glow-part-2-4ffe955a025d1.max-165x165.jpg",
    "width": 165,
    "height": 165,
    "focal_point_key": "",
    "image": 7
  }
},
{
  "model": "wagtailimages.rendition",
  "pk": 17,
  "fields": {
    "filter_spec": "max-165x165",
    "file": "images/the-trials-of-van-occupanther-535033141ef52.max-165x165.jpg",
    "width": 165,
    "height": 165,
    "focal_point_key": "",
    "image": 6
  }
},
{
  "model": "wagtailimages.rendition",
  "pk": 18,
  "fields": {
    "filter_spec": "max-165x165",
    "file": "images/carrie--lowell-55e766dbde641.max-165x165.jpg",
    "width": 165,
    "height": 165,
    "focal_point_key": "",
    "image": 5
  }
},
{
  "model": "wagtailimages.rendition",
  "pk": 19,
  "fields": {
    "filter_spec": "max-320x320",
    "file": "images/the-glow-part-2-4ffe955a025d1.max-320x320.jpg",
    "width": 320,
    "height": 320,
    "focal_point_key": "",
    "image": 7
  }
},
{
  "model": "wagtailimages.rendition",
  "pk": 20,
  "fields": {
    "filter_spec": "max-320x320",
    "file": "images/the-trials-of-van-occupanther-535033141ef52.max-320x320.jpg",
    "width": 320,
    "height": 320,
    "focal_point_key": "",
    "image": 6
  }
},
{
  "model": "wagtailimages.rendition",
  "pk": 21,
  "fields": {
    "filter_spec": "max-320x320",
    "file": "images/carrie--lowell-55e766dbde641.max-320x320.jpg",
    "width": 320,
    "height": 320,
    "focal_point_key": "",
    "image": 5
  }
},
{
  "model": "wagtailimages.rendition",
  "pk": 22,
  "fields": {
    "filter_spec": "max-165x165",
    "file": "images/our-endless-numbered-days-4f246ed512718.max-165x165.jpg",
    "width": 165,
    "height": 165,
    "focal_point_key": "",
    "image": 8
  }
},
{
  "model": "wagtailimages.rendition",
  "pk": 23,
  "fields": {
    "filter_spec": "max-165x165",
    "file": "images/picaresque-55ecb49cd003f.max-165x165.jpg",
    "width": 165,
    "height": 165,
    "focal_point_key": "",
    "image": 9
  }
},
{
  "model": "wagtailimages.rendition",
  "pk": 24,
  "fields": {
    "filter_spec": "max-165x165",
    "file": "images/the-wild-hunt-51ad335abb1dd.max-165x165.jpg",
    "width": 165,
    "height": 165,
    "focal_point_key": "",
    "image": 10
  }
},
{
  "model": "wagtailimages.rendition",
  "pk": 25,
  "fields": {
    "filter_spec": "max-320x320",
    "file": "images/our-endless-numbered-days-4f246ed512718.max-320x320.jpg",
    "width": 320,
    "height": 320,
    "focal_point_key": "",
    "image": 8
  }
},
{
  "model": "wagtailimages.rendition",
  "pk": 26,
  "fields": {
    "filter_spec": "max-320x320",
    "file": "images/picaresque-55ecb49cd003f.max-320x320.jpg",
    "width": 320,
    "height": 320,
    "focal_point_key": "",
    "image": 9
  }
},
{
  "model": "wagtailimages.rendition",
  "pk": 27,
  "fields": {
    "filter_spec": "max-320x320",
    "file": "images/the-wild-hunt-51ad335abb1dd.max-320x320.jpg",
    "width": 320,
    "height": 320,
    "focal_point_key": "",
    "image": 10
  }
},
{
  "model": "wagtailimages.rendition",
  "pk": 28,
  "fields": {
    "filter_spec": "max-640x480",
    "file": "images/the-wild-hunt-51ad335abb1dd.max-640x480.jpg",
    "width": 480,
    "height": 480,
    "focal_point_key": "",
    "image": 10
  }
},
{
  "model": "wagtailimages.rendition",
  "pk": 29,
  "fields": {
    "filter_spec": "max-165x165",
    "file": "images/shallow-grave-55eedd0e69791.max-165x165.jpg",
    "width": 165,
    "height": 165,
    "focal_point_key": "",
    "image": 11
  }
},
{
  "model": "wagtailimages.rendition",
  "pk": 30,
  "fields": {
    "filter_spec": "max-320x320",
    "file": "images/shallow-grave-55eedd0e69791.max-320x320.jpg",
    "width": 320,
    "height": 320,
    "focal_point_key": "",
    "image": 11
  }
},
{
  "model": "wagtailimages.rendition",
  "pk": 31,
  "fields": {
    "filter_spec": "max-165x165",
    "file": "images/yankee-hotel-foxtrot-50c9e07aaf27f.max-165x165.jpg",
    "width": 165,
    "height": 165,
    "focal_point_key": "",
    "image": 12
  }
},
{
  "model": "wagtailimages.rendition",
  "pk": 32,
  "fields": {
    "filter_spec": "max-320x320",
    "file": "images/yankee-hotel-foxtrot-50c9e07aaf27f.max-320x320.jpg",
    "width": 320,
    "height": 320,
    "focal_point_key": "",
    "image": 12
  }
},
{
  "model": "wagtailimages.rendition",
  "pk": 33,
  "fields": {
    "filter_spec": "max-640x480",
    "file": "images/shallow-grave-55eedd0e69791.max-640x480.jpg",
    "width": 480,
    "height": 480,
    "focal_point_key": "",
    "image": 11
  }
},
{
  "model": "wagtailimages.rendition",
  "pk": 34,
  "fields": {
    "filter_spec": "max-640x480",
    "file": "images/picaresque-55ecb49cd003f.max-640x480.jpg",
    "width": 480,
    "height": 480,
    "focal_point_key": "",
    "image": 9
  }
},
{
  "model": "wagtailimages.rendition",
  "pk": 35,
  "fields": {
    "filter_spec": "max-640x480",
    "file": "images/fleet-foxes.max-640x480.jpg",
    "width": 480,
    "height": 480,
    "focal_point_key": "",
    "image": 2
  }
},
{
  "model": "wagtailcore.site",
  "pk": 2,
  "fields": {
    "hostname": "localhost",
    "port": 80,
    "site_name": null,
    "root_page": 3,
    "is_default_site": true
  }
},
{
  "model": "wagtailcore.collection",
  "pk": 1,
  "fields": {
    "path": "0001",
    "depth": 1,
    "numchild": 0,
    "name": "Root"
  }
},
{
  "model": "taggit.tag",
  "pk": 1,
  "fields": {
    "name": "cd",
    "slug": "cd"
  }
},
{
  "model": "taggit.tag",
  "pk": 2,
  "fields": {
    "name": "artwork",
    "slug": "artwork"
  }
},
{
  "model": "taggit.tag",
  "pk": 3,
  "fields": {
    "name": "cover",
    "slug": "cover"
  }
},
{
  "model": "taggit.tag",
  "pk": 4,
  "fields": {
    "name": "ep",
    "slug": "ep"
  }
},
{
  "model": "taggit.tag",
  "pk": 5,
  "fields": {
    "name": "vinyl",
    "slug": "vinyl"
  }
},
{
  "model": "taggit.tag",
  "pk": 6,
  "fields": {
    "name": "ramshackles",
    "slug": "ramshackles"
  }
},
{
  "model": "taggit.tag",
  "pk": 7,
  "fields": {
    "name": "fleet-foxes",
    "slug": "fleet-foxes"
  }
},
{
  "model": "taggit.tag",
  "pk": 8,
  "fields": {
    "name": "album",
    "slug": "album"
  }
},
{
  "model": "taggit.tag",
  "pk": 9,
  "fields": {
    "name": "bob-dylan",
    "slug": "bob-dylan"
  }
},
{
  "model": "taggit.tag",
  "pk": 10,
  "fields": {
    "name": "ys",
    "slug": "ys"
  }
},
{
  "model": "taggit.tag",
  "pk": 11,
  "fields": {
    "name": "joanna-newsom",
    "slug": "joanna-newsom"
  }
},
{
  "model": "taggit.tag",
  "pk": 12,
  "fields": {
    "name": "sufjan-stevens",
    "slug": "sufjan-stevens"
  }
},
{
  "model": "taggit.tag",
  "pk": 13,
  "fields": {
    "name": "midlake",
    "slug": "midlake"
  }
},
{
  "model": "taggit.tag",
  "pk": 14,
  "fields": {
    "name": "the-microphones",
    "slug": "the-microphones"
  }
},
{
  "model": "taggit.tag",
  "pk": 15,
  "fields": {
    "name": "iron-and-wine",
    "slug": "iron-and-wine"
  }
},
{
  "model": "taggit.tag",
  "pk": 16,
  "fields": {
    "name": "the-decemberists",
    "slug": "the-decemberists"
  }
},
{
  "model": "taggit.tag",
  "pk": 17,
  "fields": {
    "name": "the-tallest-man-on-earth",
    "slug": "the-tallest-man-on-earth"
  }
},
{
  "model": "taggit.tag",
  "pk": 18,
  "fields": {
    "name": "tmoe",
    "slug": "tmoe"
  }
},
{
  "model": "taggit.tag",
  "pk": 19,
  "fields": {
    "name": "wilco",
    "slug": "wilco"
  }
},
{
  "model": "taggit.taggeditem",
  "pk": 1,
  "fields": {
    "tag": 1,
    "content_type": 3,
    "object_id": 1
  }
},
{
  "model": "taggit.taggeditem",
  "pk": 2,
  "fields": {
    "tag": 2,
    "content_type": 3,
    "object_id": 1
  }
},
{
  "model": "taggit.taggeditem",
  "pk": 3,
  "fields": {
    "tag": 3,
    "content_type": 3,
    "object_id": 1
  }
},
{
  "model": "taggit.taggeditem",
  "pk": 4,
  "fields": {
    "tag": 7,
    "content_type": 3,
    "object_id": 2
  }
},
{
  "model": "taggit.taggeditem",
  "pk": 5,
  "fields": {
    "tag": 8,
    "content_type": 3,
    "object_id": 3
  }
},
{
  "model": "taggit.taggeditem",
  "pk": 6,
  "fields": {
    "tag": 9,
    "content_type": 3,
    "object_id": 3
  }
},
{
  "model": "taggit.taggeditem",
  "pk": 7,
  "fields": {
    "tag": 2,
    "content_type": 3,
    "object_id": 3
  }
},
{
  "model": "taggit.taggeditem",
  "pk": 8,
  "fields": {
    "tag": 8,
    "content_type": 3,
    "object_id": 4
  }
},
{
  "model": "taggit.taggeditem",
  "pk": 9,
  "fields": {
    "tag": 2,
    "content_type": 3,
    "object_id": 4
  }
},
{
  "model": "taggit.taggeditem",
  "pk": 10,
  "fields": {
    "tag": 10,
    "content_type": 3,
    "object_id": 4
  }
},
{
  "model": "taggit.taggeditem",
  "pk": 11,
  "fields": {
    "tag": 8,
    "content_type": 3,
    "object_id": 5
  }
},
{
  "model": "taggit.taggeditem",
  "pk": 12,
  "fields": {
    "tag": 2,
    "content_type": 3,
    "object_id": 5
  }
},
{
  "model": "taggit.taggeditem",
  "pk": 13,
  "fields": {
    "tag": 12,
    "content_type": 3,
    "object_id": 5
  }
},
{
  "model": "taggit.taggeditem",
  "pk": 14,
  "fields": {
    "tag": 8,
    "content_type": 3,
    "object_id": 6
  }
},
{
  "model": "taggit.taggeditem",
  "pk": 15,
  "fields": {
    "tag": 2,
    "content_type": 3,
    "object_id": 6
  }
},
{
  "model": "taggit.taggeditem",
  "pk": 16,
  "fields": {
    "tag": 13,
    "content_type": 3,
    "object_id": 6
  }
},
{
  "model": "taggit.taggeditem",
  "pk": 17,
  "fields": {
    "tag": 8,
    "content_type": 3,
    "object_id": 7
  }
},
{
  "model": "taggit.taggeditem",
  "pk": 18,
  "fields": {
    "tag": 2,
    "content_type": 3,
    "object_id": 7
  }
},
{
  "model": "taggit.taggeditem",
  "pk": 19,
  "fields": {
    "tag": 14,
    "content_type": 3,
    "object_id": 7
  }
},
{
  "model": "taggit.taggeditem",
  "pk": 20,
  "fields": {
    "tag": 8,
    "content_type": 3,
    "object_id": 8
  }
},
{
  "model": "taggit.taggeditem",
  "pk": 21,
  "fields": {
    "tag": 2,
    "content_type": 3,
    "object_id": 8
  }
},
{
  "model": "taggit.taggeditem",
  "pk": 22,
  "fields": {
    "tag": 15,
    "content_type": 3,
    "object_id": 8
  }
},
{
  "model": "taggit.taggeditem",
  "pk": 23,
  "fields": {
    "tag": 8,
    "content_type": 3,
    "object_id": 9
  }
},
{
  "model": "taggit.taggeditem",
  "pk": 24,
  "fields": {
    "tag": 16,
    "content_type": 3,
    "object_id": 9
  }
},
{
  "model": "taggit.taggeditem",
  "pk": 25,
  "fields": {
    "tag": 2,
    "content_type": 3,
    "object_id": 9
  }
},
{
  "model": "taggit.taggeditem",
  "pk": 26,
  "fields": {
    "tag": 8,
    "content_type": 3,
    "object_id": 10
  }
},
{
  "model": "taggit.taggeditem",
  "pk": 27,
  "fields": {
    "tag": 17,
    "content_type": 3,
    "object_id": 10
  }
},
{
  "model": "taggit.taggeditem",
  "pk": 28,
  "fields": {
    "tag": 2,
    "content_type": 3,
    "object_id": 10
  }
},
{
  "model": "taggit.taggeditem",
  "pk": 29,
  "fields": {
    "tag": 18,
    "content_type": 3,
    "object_id": 10
  }
},
{
  "model": "taggit.taggeditem",
  "pk": 30,
  "fields": {
    "tag": 8,
    "content_type": 3,
    "object_id": 11
  }
},
{
  "model": "taggit.taggeditem",
  "pk": 31,
  "fields": {
    "tag": 2,
    "content_type": 3,
    "object_id": 11
  }
},
{
  "model": "taggit.taggeditem",
  "pk": 32,
  "fields": {
    "tag": 18,
    "content_type": 3,
    "object_id": 11
  }
},
{
  "model": "taggit.taggeditem",
  "pk": 33,
  "fields": {
    "tag": 8,
    "content_type": 3,
    "object_id": 12
  }
},
{
  "model": "taggit.taggeditem",
  "pk": 34,
  "fields": {
    "tag": 2,
    "content_type": 3,
    "object_id": 12
  }
},
{
  "model": "taggit.taggeditem",
  "pk": 35,
  "fields": {
    "tag": 19,
    "content_type": 3,
    "object_id": 12
  }
},
{
  "model": "longclawsettings.longclawsettings",
  "pk": 1,
  "fields": {
    "site": 2,
    "default_shipping_rate": "4.95",
    "default_shipping_carrier": "Royal Mail",
    "default_shipping_enabled": true,
    "currency_html_code": "&pound;",
    "currency": "GBP"
  }
},
{
  "model": "longclawproducts.producttag",
  "pk": 17,
  "fields": {
    "tag": 8,
    "content_object": 7
  }
},
{
  "model": "longclawproducts.producttag",
  "pk": 18,
  "fields": {
    "tag": 9,
    "content_object": 7
  }
},
{
  "model": "longclawproducts.producttag",
  "pk": 19,
  "fields": {
    "tag": 5,
    "content_object": 7
  }
},
{
  "model": "longclawproducts.producttag",
  "pk": 20,
  "fields": {
    "tag": 1,
    "content_object": 7
  }
},
{
  "model": "longclawproducts.producttag",
  "pk": 21,
  "fields": {
    "tag": 8,
    "content_object": 8
  }
},
{
  "model": "longclawproducts.producttag",
  "pk": 22,
  "fields": {
    "tag": 1,
    "content_object": 8
  }
},
{
  "model": "longclawproducts.producttag",
  "pk": 23,
  "fields": {
    "tag": 11,
    "content_object": 8
  }
},
{
  "model": "longclawproducts.producttag",
  "pk": 24,
  "fields": {
    "tag": 5,
    "content_object": 8
  }
},
{
  "model": "longclawproducts.producttag",
  "pk": 25,
  "fields": {
    "tag": 8,
    "content_object": 9
  }
},
{
  "model": "longclawproducts.producttag",
  "pk": 26,
  "fields": {
    "tag": 1,
    "content_object": 9
  }
},
{
  "model": "longclawproducts.producttag",
  "pk": 27,
  "fields": {
    "tag": 5,
    "content_object": 9
  }
},
{
  "model": "longclawproducts.producttag",
  "pk": 28,
  "fields": {
    "tag": 14,
    "content_object": 9
  }
},
{
  "model": "longclawproducts.producttag",
  "pk": 33,
  "fields": {
    "tag": 8,
    "content_object": 10
  }
},
{
  "model": "longclawproducts.producttag",
  "pk": 34,
  "fields": {
    "tag": 1,
    "content_object": 10
  }
},
{
  "model": "longclawproducts.producttag",
  "pk": 35,
  "fields": {
    "tag": 5,
    "content_object": 10
  }
},
{
  "model": "longclawproducts.producttag",
  "pk": 36,
  "fields": {
    "tag": 13,
    "content_object": 10
  }
},
{
  "model": "longclawproducts.producttag",
  "pk": 37,
  "fields": {
    "tag": 8,
    "content_object": 11
  }
},
{
  "model": "longclawproducts.producttag",
  "pk": 38,
  "fields": {
    "tag": 1,
    "content_object": 11
  }
},
{
  "model": "longclawproducts.producttag",
  "pk": 39,
  "fields": {
    "tag": 12,
    "content_object": 11
  }
},
{
  "model": "longclawproducts.producttag",
  "pk": 40,
  "fields": {
    "tag": 5,
    "content_object": 11
  }
},
{
  "model": "longclawproducts.producttag",
  "pk": 41,
  "fields": {
    "tag": 8,
    "content_object": 12
  }
},
{
  "model": "longclawproducts.producttag",
  "pk": 42,
  "fields": {
    "tag": 1,
    "content_object": 12
  }
},
{
  "model": "longclawproducts.producttag",
  "pk": 43,
  "fields": {
    "tag": 15,
    "content_object": 12
  }
},
{
  "model": "longclawproducts.producttag",
  "pk": 44,
  "fields": {
    "tag": 8,
    "content_object": 13
  }
},
{
  "model": "longclawproducts.producttag",
  "pk": 45,
  "fields": {
    "tag": 1,
    "content_object": 13
  }
},
{
  "model": "longclawproducts.producttag",
  "pk": 46,
  "fields": {
    "tag": 5,
    "content_object": 13
  }
},
{
  "model": "longclawproducts.producttag",
  "pk": 47,
  "fields": {
    "tag": 16,
    "content_object": 13
  }
},
{
  "model": "longclawproducts.producttag",
  "pk": 48,
  "fields": {
    "tag": 8,
    "content_object": 14
  }
},
{
  "model": "longclawproducts.producttag",
  "pk": 49,
  "fields": {
    "tag": 1,
    "content_object": 14
  }
},
{
  "model": "longclawproducts.producttag",
  "pk": 50,
  "fields": {
    "tag": 18,
    "content_object": 14
  }
},
{
  "model": "longclawproducts.producttag",
  "pk": 51,
  "fields": {
    "tag": 5,
    "content_object": 14
  }
},
{
  "model": "longclawproducts.producttag",
  "pk": 52,
  "fields": {
    "tag": 17,
    "content_object": 14
  }
},
{
  "model": "longclawproducts.producttag",
  "pk": 53,
  "fields": {
    "tag": 8,
    "content_object": 6
  }
},
{
  "model": "longclawproducts.producttag",
  "pk": 54,
  "fields": {
    "tag": 1,
    "content_object": 6
  }
},
{
  "model": "longclawproducts.producttag",
  "pk": 55,
  "fields": {
    "tag": 5,
    "content_object": 6
  }
},
{
  "model": "longclawproducts.producttag",
  "pk": 56,
  "fields": {
    "tag": 7,
    "content_object": 6
  }
},
{
  "model": "longclawproducts.producttag",
  "pk": 57,
  "fields": {
    "tag": 8,
    "content_object": 15
  }
},
{
  "model": "longclawproducts.producttag",
  "pk": 58,
  "fields": {
    "tag": 1,
    "content_object": 15
  }
},
{
  "model": "longclawproducts.producttag",
  "pk": 59,
  "fields": {
    "tag": 18,
    "content_object": 15
  }
},
{
  "model": "longclawproducts.producttag",
  "pk": 60,
  "fields": {
    "tag": 5,
    "content_object": 15
  }
},
{
  "model": "longclawproducts.producttag",
  "pk": 61,
  "fields": {
    "tag": 17,
    "content_object": 15
  }
},
{
  "model": "longclawproducts.producttag",
  "pk": 62,
  "fields": {
    "tag": 8,
    "content_object": 16
  }
},
{
  "model": "longclawproducts.producttag",
  "pk": 63,
  "fields": {
    "tag": 1,
    "content_object": 16
  }
},
{
  "model": "longclawproducts.producttag",
  "pk": 64,
  "fields": {
    "tag": 19,
    "content_object": 16
  }
},
{
  "model": "longclawproducts.producttag",
  "pk": 65,
  "fields": {
    "tag": 1,
    "content_object": 5
  }
},
{
  "model": "longclawproducts.producttag",
  "pk": 66,
  "fields": {
    "tag": 4,
    "content_object": 5
  }
},
{
  "model": "longclawproducts.producttag",
  "pk": 67,
  "fields": {
    "tag": 5,
    "content_object": 5
  }
},
{
  "model": "longclawproducts.producttag",
  "pk": 68,
  "fields": {
    "tag": 6,
    "content_object": 5
  }
},
{
  "model": "longclawproducts.productimage",
  "pk": 1,
  "fields": {
    "sort_order": 0,
    "product": 5,
    "image": 1,
    "caption": ""
  }
},
{
  "model": "longclawproducts.productimage",
  "pk": 2,
  "fields": {
    "sort_order": 0,
    "product": 6,
    "image": 2,
    "caption": ""
  }
},
{
  "model": "longclawproducts.productimage",
  "pk": 3,
  "fields": {
    "sort_order": 0,
    "product": 7,
    "image": 3,
    "caption": ""
  }
},
{
  "model": "longclawproducts.productimage",
  "pk": 4,
  "fields": {
    "sort_order": 0,
    "product": 8,
    "image": 4,
    "caption": ""
  }
},
{
  "model": "longclawproducts.productimage",
  "pk": 5,
  "fields": {
    "sort_order": 0,
    "product": 9,
    "image": 7,
    "caption": ""
  }
},
{
  "model": "longclawproducts.productimage",
  "pk": 6,
  "fields": {
    "sort_order": 0,
    "product": 10,
    "image": 6,
    "caption": ""
  }
},
{
  "model": "longclawproducts.productimage",
  "pk": 7,
  "fields": {
    "sort_order": 0,
    "product": 11,
    "image": 5,
    "caption": ""
  }
},
{
  "model": "longclawproducts.productimage",
  "pk": 8,
  "fields": {
    "sort_order": 0,
    "product": 12,
    "image": 8,
    "caption": ""
  }
},
{
  "model": "longclawproducts.productimage",
  "pk": 9,
  "fields": {
    "sort_order": 0,
    "product": 13,
    "image": 9,
    "caption": ""
  }
},
{
  "model": "longclawproducts.productimage",
  "pk": 10,
  "fields": {
    "sort_order": 0,
    "product": 14,
    "image": 10,
    "caption": ""
  }
},
{
  "model": "longclawproducts.productimage",
  "pk": 11,
  "fields": {
    "sort_order": 0,
    "product": 15,
    "image": 11,
    "caption": ""
  }
},
{
  "model": "longclawproducts.productimage",
  "pk": 12,
  "fields": {
    "sort_order": 0,
    "product": 16,
    "image": 12,
    "caption": ""
  }
},
{
  "model": "products.productvariant",
  "pk": 1,
  "fields": {
    "product": 5,
    "price": "7.99",
    "ref": "cd",
    "stock": 5,
    "slug": "atshirtsmall",
    "music_format": "CD"
  }
},
{
  "model": "products.productvariant",
  "pk": 4,
  "fields": {
    "product": 5,
    "price": "15.99",
    "ref": "vinyl",
    "stock": 5,
    "slug": "ramshacklesbluebellwoodsvinyl",
    "music_format": "Vinyl"
  }
},
{
  "model": "products.productvariant",
  "pk": 5,
  "fields": {
    "product": 7,
    "price": "21.99",
    "ref": "vinyl",
    "stock": 5,
    "slug": "bobdylanblondeonblondevinyl",
    "music_format": "Vinyl"
  }
},
{
  "model": "products.productvariant",
  "pk": 6,
  "fields": {
    "product": 8,
    "price": "7.99",
    "ref": "cd",
    "stock": 0,
    "slug": "joannanewsomyscd",
    "music_format": "CD"
  }
},
{
  "model": "products.productvariant",
  "pk": 7,
  "fields": {
    "product": 8,
    "price": "15.99",
    "ref": "vinyl",
    "stock": 20,
    "slug": "joannanewsomysvinyl",
    "music_format": "Vinyl"
  }
},
{
  "model": "products.productvariant",
  "pk": 8,
  "fields": {
    "product": 9,
    "price": "7.99",
    "ref": "cd",
    "stock": 55,
    "slug": "themicrophonestheglowpart2cd",
    "music_format": "CD"
  }
},
{
  "model": "products.productvariant",
  "pk": 9,
  "fields": {
    "product": 9,
    "price": "15.99",
    "ref": "vinyl",
    "stock": 6,
    "slug": "themicrophonestheglowpart2vinyl",
    "music_format": "Vinyl"
  }
},
{
  "model": "products.productvariant",
  "pk": 10,
  "fields": {
    "product": 10,
    "price": "7.99",
    "ref": "cd",
    "stock": 10,
    "slug": "midlakethetrialsofvanoccupanthercd",
    "music_format": "CD"
  }
},
{
  "model": "products.productvariant",
  "pk": 11,
  "fields": {
    "product": 11,
    "price": "7.99",
    "ref": "cd",
    "stock": 15,
    "slug": "sufjanstevenscarrieandlowellcd",
    "music_format": "CD"
  }
},
{
  "model": "products.productvariant",
  "pk": 12,
  "fields": {
    "product": 11,
    "price": "15.99",
    "ref": "vinyl",
    "stock": 5,
    "slug": "sufjanstevenscarrieandlowellvinyl",
    "music_format": "Vinyl"
  }
},
{
  "model": "products.productvariant",
  "pk": 13,
  "fields": {
    "product": 12,
    "price": "7.99",
    "ref": "cd",
    "stock": 10,
    "slug": "ironwineourendlessnumbereddayscd",
    "music_format": "CD"
  }
},
{
  "model": "products.productvariant",
  "pk": 14,
  "fields": {
    "product": 13,
    "price": "20.99",
    "ref": "vinyl",
    "stock": 5,
    "slug": "thedecemberistspicaresquevinyl",
    "music_format": "Vinyl"
  }
},
{
  "model": "products.productvariant",
  "pk": 15,
  "fields": {
    "product": 14,
    "price": "7.99",
    "ref": "cd",
    "stock": 44,
    "slug": "thetallestmanonearththewildhuntcd",
    "music_format": "CD"
  }
},
{
  "model": "products.productvariant",
  "pk": 16,
  "fields": {
    "product": 14,
    "price": "15.99",
    "ref": "vinyl",
    "stock": 20,
    "slug": "thetallestmanonearththewildhuntvinyl",
    "music_format": "Vinyl"
  }
},
{
  "model": "products.productvariant",
  "pk": 17,
  "fields": {
    "product": 6,
    "price": "7.99",
    "ref": "cd",
    "stock": 0,
    "slug": "fleetfoxesfleetfoxescd",
    "music_format": "CD"
  }
},
{
  "model": "products.productvariant",
  "pk": 18,
  "fields": {
    "product": 15,
    "price": "5.99",
    "ref": "cd",
    "stock": 0,
    "slug": "thetallestmanonearthshallowgravecd",
    "music_format": "CD"
  }
},
{
  "model": "products.productvariant",
  "pk": 19,
  "fields": {
    "product": 15,
    "price": "16.96",
    "ref": "vinyl",
    "stock": 0,
    "slug": "thetallestmanonearthshallowgravevinyl",
    "music_format": "Vinyl"
  }
},
{
  "model": "products.productvariant",
  "pk": 20,
  "fields": {
    "product": 16,
    "price": "5.99",
    "ref": "cd",
    "stock": 10,
    "slug": "wilcoyankeehotelfoxtrotcd",
    "music_format": "CD"
  }
},
{
  "model": "auth.permission",
  "pk": 1,
  "fields": {
    "name": "Can add image",
    "content_type": 3,
    "codename": "add_image"
  }
},
{
  "model": "auth.permission",
  "pk": 2,
  "fields": {
    "name": "Can change image",
    "content_type": 3,
    "codename": "change_image"
  }
},
{
  "model": "auth.permission",
  "pk": 3,
  "fields": {
    "name": "Can delete image",
    "content_type": 3,
    "codename": "delete_image"
  }
},
{
  "model": "auth.permission",
  "pk": 4,
  "fields": {
    "name": "Can access Wagtail admin",
    "content_type": 4,
    "codename": "access_admin"
  }
},
{
  "model": "auth.permission",
  "pk": 5,
  "fields": {
    "name": "Can add document",
    "content_type": 5,
    "codename": "add_document"
  }
},
{
  "model": "auth.permission",
  "pk": 6,
  "fields": {
    "name": "Can change document",
    "content_type": 5,
    "codename": "change_document"
  }
},
{
  "model": "auth.permission",
  "pk": 7,
  "fields": {
    "name": "Can delete document",
    "content_type": 5,
    "codename": "delete_document"
  }
},
{
  "model": "auth.permission",
  "pk": 8,
  "fields": {
    "name": "Can add log entry",
    "content_type": 6,
    "codename": "add_logentry"
  }
},
{
  "model": "auth.permission",
  "pk": 9,
  "fields": {
    "name": "Can change log entry",
    "content_type": 6,
    "codename": "change_logentry"
  }
},
{
  "model": "auth.permission",
  "pk": 10,
  "fields": {
    "name": "Can delete log entry",
    "content_type": 6,
    "codename": "delete_logentry"
  }
},
{
  "model": "auth.permission",
  "pk": 11,
  "fields": {
    "name": "Can add group",
    "content_type": 7,
    "codename": "add_group"
  }
},
{
  "model": "auth.permission",
  "pk": 12,
  "fields": {
    "name": "Can change group",
    "content_type": 7,
    "codename": "change_group"
  }
},
{
  "model": "auth.permission",
  "pk": 13,
  "fields": {
    "name": "Can delete group",
    "content_type": 7,
    "codename": "delete_group"
  }
},
{
  "model": "auth.permission",
  "pk": 14,
  "fields": {
    "name": "Can add user",
    "content_type": 8,
    "codename": "add_user"
  }
},
{
  "model": "auth.permission",
  "pk": 15,
  "fields": {
    "name": "Can change user",
    "content_type": 8,
    "codename": "change_user"
  }
},
{
  "model": "auth.permission",
  "pk": 16,
  "fields": {
    "name": "Can delete user",
    "content_type": 8,
    "codename": "delete_user"
  }
},
{
  "model": "auth.permission",
  "pk": 17,
  "fields": {
    "name": "Can add permission",
    "content_type": 9,
    "codename": "add_permission"
  }
},
{
  "model": "auth.permission",
  "pk": 18,
  "fields": {
    "name": "Can change permission",
    "content_type": 9,
    "codename": "change_permission"
  }
},
{
  "model": "auth.permission",
  "pk": 19,
  "fields": {
    "name": "Can delete permission",
    "content_type": 9,
    "codename": "delete_permission"
  }
},
{
  "model": "auth.permission",
  "pk": 20,
  "fields": {
    "name": "Can add content type",
    "content_type": 10,
    "codename": "add_contenttype"
  }
},
{
  "model": "auth.permission",
  "pk": 21,
  "fields": {
    "name": "Can change content type",
    "content_type": 10,
    "codename": "change_contenttype"
  }
},
{
  "model": "auth.permission",
  "pk": 22,
  "fields": {
    "name": "Can delete content type",
    "content_type": 10,
    "codename": "delete_contenttype"
  }
},
{
  "model": "auth.permission",
  "pk": 23,
  "fields": {
    "name": "Can add session",
    "content_type": 11,
    "codename": "add_session"
  }
},
{
  "model": "auth.permission",
  "pk": 24,
  "fields": {
    "name": "Can change session",
    "content_type": 11,
    "codename": "change_session"
  }
},
{
  "model": "auth.permission",
  "pk": 25,
  "fields": {
    "name": "Can delete session",
    "content_type": 11,
    "codename": "delete_session"
  }
},
{
  "model": "auth.permission",
  "pk": 26,
  "fields": {
    "name": "Can add form submission",
    "content_type": 12,
    "codename": "add_formsubmission"
  }
},
{
  "model": "auth.permission",
  "pk": 27,
  "fields": {
    "name": "Can change form submission",
    "content_type": 12,
    "codename": "change_formsubmission"
  }
},
{
  "model": "auth.permission",
  "pk": 28,
  "fields": {
    "name": "Can delete form submission",
    "content_type": 12,
    "codename": "delete_formsubmission"
  }
},
{
  "model": "auth.permission",
  "pk": 29,
  "fields": {
    "name": "Can add redirect",
    "content_type": 13,
    "codename": "add_redirect"
  }
},
{
  "model": "auth.permission",
  "pk": 30,
  "fields": {
    "name": "Can change redirect",
    "content_type": 13,
    "codename": "change_redirect"
  }
},
{
  "model": "auth.permission",
  "pk": 31,
  "fields": {
    "name": "Can delete redirect",
    "content_type": 13,
    "codename": "delete_redirect"
  }
},
{
  "model": "auth.permission",
  "pk": 32,
  "fields": {
    "name": "Can add embed",
    "content_type": 14,
    "codename": "add_embed"
  }
},
{
  "model": "auth.permission",
  "pk": 33,
  "fields": {
    "name": "Can change embed",
    "content_type": 14,
    "codename": "change_embed"
  }
},
{
  "model": "auth.permission",
  "pk": 34,
  "fields": {
    "name": "Can delete embed",
    "content_type": 14,
    "codename": "delete_embed"
  }
},
{
  "model": "auth.permission",
  "pk": 35,
  "fields": {
    "name": "Can add user profile",
    "content_type": 15,
    "codename": "add_userprofile"
  }
},
{
  "model": "auth.permission",
  "pk": 36,
  "fields": {
    "name": "Can change user profile",
    "content_type": 15,
    "codename": "change_userprofile"
  }
},
{
  "model": "auth.permission",
  "pk": 37,
  "fields": {
    "name": "Can delete user profile",
    "content_type": 15,
    "codename": "delete_userprofile"
  }
},
{
  "model": "auth.permission",
  "pk": 38,
  "fields": {
    "name": "Can add filter",
    "content_type": 16,
    "codename": "add_filter"
  }
},
{
  "model": "auth.permission",
  "pk": 39,
  "fields": {
    "name": "Can change filter",
    "content_type": 16,
    "codename": "change_filter"
  }
},
{
  "model": "auth.permission",
  "pk": 40,
  "fields": {
    "name": "Can delete filter",
    "content_type": 16,
    "codename": "delete_filter"
  }
},
{
  "model": "auth.permission",
  "pk": 41,
  "fields": {
    "name": "Can add rendition",
    "content_type": 17,
    "codename": "add_rendition"
  }
},
{
  "model": "auth.permission",
  "pk": 42,
  "fields": {
    "name": "Can change rendition",
    "content_type": 17,
    "codename": "change_rendition"
  }
},
{
  "model": "auth.permission",
  "pk": 43,
  "fields": {
    "name": "Can delete rendition",
    "content_type": 17,
    "codename": "delete_rendition"
  }
},
{
  "model": "auth.permission",
  "pk": 44,
  "fields": {
    "name": "Can add Query Daily Hits",
    "content_type": 18,
    "codename": "add_querydailyhits"
  }
},
{
  "model": "auth.permission",
  "pk": 45,
  "fields": {
    "name": "Can change Query Daily Hits",
    "content_type": 18,
    "codename": "change_querydailyhits"
  }
},
{
  "model": "auth.permission",
  "pk": 46,
  "fields": {
    "name": "Can delete Query Daily Hits",
    "content_type": 18,
    "codename": "delete_querydailyhits"
  }
},
{
  "model": "auth.permission",
  "pk": 47,
  "fields": {
    "name": "Can add query",
    "content_type": 19,
    "codename": "add_query"
  }
},
{
  "model": "auth.permission",
  "pk": 48,
  "fields": {
    "name": "Can change query",
    "content_type": 19,
    "codename": "change_query"
  }
},
{
  "model": "auth.permission",
  "pk": 49,
  "fields": {
    "name": "Can delete query",
    "content_type": 19,
    "codename": "delete_query"
  }
},
{
  "model": "auth.permission",
  "pk": 50,
  "fields": {
    "name": "Can add page view restriction",
    "content_type": 20,
    "codename": "add_pageviewrestriction"
  }
},
{
  "model": "auth.permission",
  "pk": 51,
  "fields": {
    "name": "Can change page view restriction",
    "content_type": 20,
    "codename": "change_pageviewrestriction"
  }
},
{
  "model": "auth.permission",
  "pk": 52,
  "fields": {
    "name": "Can delete page view restriction",
    "content_type": 20,
    "codename": "delete_pageviewrestriction"
  }
},
{
  "model": "auth.permission",
  "pk": 53,
  "fields": {
    "name": "Can add page",
    "content_type": 1,
    "codename": "add_page"
  }
},
{
  "model": "auth.permission",
  "pk": 54,
  "fields": {
    "name": "Can change page",
    "content_type": 1,
    "codename": "change_page"
  }
},
{
  "model": "auth.permission",
  "pk": 55,
  "fields": {
    "name": "Can delete page",
    "content_type": 1,
    "codename": "delete_page"
  }
},
{
  "model": "auth.permission",
  "pk": 56,
  "fields": {
    "name": "Can add page revision",
    "content_type": 21,
    "codename": "add_pagerevision"
  }
},
{
  "model": "auth.permission",
  "pk": 57,
  "fields": {
    "name": "Can change page revision",
    "content_type": 21,
    "codename": "change_pagerevision"
  }
},
{
  "model": "auth.permission",
  "pk": 58,
  "fields": {
    "name": "Can delete page revision",
    "content_type": 21,
    "codename": "delete_pagerevision"
  }
},
{
  "model": "auth.permission",
  "pk": 59,
  "fields": {
    "name": "Can add site",
    "content_type": 22,
    "codename": "add_site"
  }
},
{
  "model": "auth.permission",
  "pk": 60,
  "fields": {
    "name": "Can change site",
    "content_type": 22,
    "codename": "change_site"
  }
},
{
  "model": "auth.permission",
  "pk": 61,
  "fields": {
    "name": "Can delete site",
    "content_type": 22,
    "codename": "delete_site"
  }
},
{
  "model": "auth.permission",
  "pk": 62,
  "fields": {
    "name": "Can add group page permission",
    "content_type": 23,
    "codename": "add_grouppagepermission"
  }
},
{
  "model": "auth.permission",
  "pk": 63,
  "fields": {
    "name": "Can change group page permission",
    "content_type": 23,
    "codename": "change_grouppagepermission"
  }
},
{
  "model": "auth.permission",
  "pk": 64,
  "fields": {
    "name": "Can delete group page permission",
    "content_type": 23,
    "codename": "delete_grouppagepermission"
  }
},
{
  "model": "auth.permission",
  "pk": 65,
  "fields": {
    "name": "Can add collection",
    "content_type": 24,
    "codename": "add_collection"
  }
},
{
  "model": "auth.permission",
  "pk": 66,
  "fields": {
    "name": "Can change collection",
    "content_type": 24,
    "codename": "change_collection"
  }
},
{
  "model": "auth.permission",
  "pk": 67,
  "fields": {
    "name": "Can delete collection",
    "content_type": 24,
    "codename": "delete_collection"
  }
},
{
  "model": "auth.permission",
  "pk": 68,
  "fields": {
    "name": "Can add group collection permission",
    "content_type": 25,
    "codename": "add_groupcollectionpermission"
  }
},
{
  "model": "auth.permission",
  "pk": 69,
  "fields": {
    "name": "Can change group collection permission",
    "content_type": 25,
    "codename": "change_groupcollectionpermission"
  }
},
{
  "model": "auth.permission",
  "pk": 70,
  "fields": {
    "name": "Can delete group collection permission",
    "content_type": 25,
    "codename": "delete_groupcollectionpermission"
  }
},
{
  "model": "auth.permission",
  "pk": 71,
  "fields": {
    "name": "Can add Tagged Item",
    "content_type": 26,
    "codename": "add_taggeditem"
  }
},
{
  "model": "auth.permission",
  "pk": 72,
  "fields": {
    "name": "Can change Tagged Item",
    "content_type": 26,
    "codename": "change_taggeditem"
  }
},
{
  "model": "auth.permission",
  "pk": 73,
  "fields": {
    "name": "Can delete Tagged Item",
    "content_type": 26,
    "codename": "delete_taggeditem"
  }
},
{
  "model": "auth.permission",
  "pk": 74,
  "fields": {
    "name": "Can add Tag",
    "content_type": 27,
    "codename": "add_tag"
  }
},
{
  "model": "auth.permission",
  "pk": 75,
  "fields": {
    "name": "Can change Tag",
    "content_type": 27,
    "codename": "change_tag"
  }
},
{
  "model": "auth.permission",
  "pk": 76,
  "fields": {
    "name": "Can delete Tag",
    "content_type": 27,
    "codename": "delete_tag"
  }
},
{
  "model": "auth.permission",
  "pk": 77,
  "fields": {
    "name": "Can add longclaw settings",
    "content_type": 28,
    "codename": "add_longclawsettings"
  }
},
{
  "model": "auth.permission",
  "pk": 78,
  "fields": {
    "name": "Can change longclaw settings",
    "content_type": 28,
    "codename": "change_longclawsettings"
  }
},
{
  "model": "auth.permission",
  "pk": 79,
  "fields": {
    "name": "Can delete longclaw settings",
    "content_type": 28,
    "codename": "delete_longclawsettings"
  }
},
{
  "model": "auth.permission",
  "pk": 80,
  "fields": {
    "name": "Can add shipping rate",
    "content_type": 29,
    "codename": "add_shippingrate"
  }
},
{
  "model": "auth.permission",
  "pk": 81,
  "fields": {
    "name": "Can change shipping rate",
    "content_type": 29,
    "codename": "change_shippingrate"
  }
},
{
  "model": "auth.permission",
  "pk": 82,
  "fields": {
    "name": "Can delete shipping rate",
    "content_type": 29,
    "codename": "delete_shippingrate"
  }
},
{
  "model": "auth.permission",
  "pk": 83,
  "fields": {
    "name": "Can add address",
    "content_type": 30,
    "codename": "add_address"
  }
},
{
  "model": "auth.permission",
  "pk": 84,
  "fields": {
    "name": "Can change address",
    "content_type": 30,
    "codename": "change_address"
  }
},
{
  "model": "auth.permission",
  "pk": 85,
  "fields": {
    "name": "Can delete address",
    "content_type": 30,
    "codename": "delete_address"
  }
},
{
  "model": "auth.permission",
  "pk": 86,
  "fields": {
    "name": "Can add product tag",
    "content_type": 31,
    "codename": "add_producttag"
  }
},
{
  "model": "auth.permission",
  "pk": 87,
  "fields": {
    "name": "Can change product tag",
    "content_type": 31,
    "codename": "change_producttag"
  }
},
{
  "model": "auth.permission",
  "pk": 88,
  "fields": {
    "name": "Can delete product tag",
    "content_type": 31,
    "codename": "delete_producttag"
  }
},
{
  "model": "auth.permission",
  "pk": 89,
  "fields": {
    "name": "Can add product image",
    "content_type": 32,
    "codename": "add_productimage"
  }
},
{
  "model": "auth.permission",
  "pk": 90,
  "fields": {
    "name": "Can change product image",
    "content_type": 32,
    "codename": "change_productimage"
  }
},
{
  "model": "auth.permission",
  "pk": 91,
  "fields": {
    "name": "Can delete product image",
    "content_type": 32,
    "codename": "delete_productimage"
  }
},
{
  "model": "auth.permission",
  "pk": 92,
  "fields": {
    "name": "Can add product index",
    "content_type": 33,
    "codename": "add_productindex"
  }
},
{
  "model": "auth.permission",
  "pk": 93,
  "fields": {
    "name": "Can change product index",
    "content_type": 33,
    "codename": "change_productindex"
  }
},
{
  "model": "auth.permission",
  "pk": 94,
  "fields": {
    "name": "Can delete product index",
    "content_type": 33,
    "codename": "delete_productindex"
  }
},
{
  "model": "auth.permission",
  "pk": 95,
  "fields": {
    "name": "Can add product",
    "content_type": 34,
    "codename": "add_product"
  }
},
{
  "model": "auth.permission",
  "pk": 96,
  "fields": {
    "name": "Can change product",
    "content_type": 34,
    "codename": "change_product"
  }
},
{
  "model": "auth.permission",
  "pk": 97,
  "fields": {
    "name": "Can delete product",
    "content_type": 34,
    "codename": "delete_product"
  }
},
{
  "model": "auth.permission",
  "pk": 98,
  "fields": {
    "name": "Can add order item",
    "content_type": 35,
    "codename": "add_orderitem"
  }
},
{
  "model": "auth.permission",
  "pk": 99,
  "fields": {
    "name": "Can change order item",
    "content_type": 35,
    "codename": "change_orderitem"
  }
},
{
  "model": "auth.permission",
  "pk": 100,
  "fields": {
    "name": "Can delete order item",
    "content_type": 35,
    "codename": "delete_orderitem"
  }
},
{
  "model": "auth.permission",
  "pk": 101,
  "fields": {
    "name": "Can add order",
    "content_type": 36,
    "codename": "add_order"
  }
},
{
  "model": "auth.permission",
  "pk": 102,
  "fields": {
    "name": "Can change order",
    "content_type": 36,
    "codename": "change_order"
  }
},
{
  "model": "auth.permission",
  "pk": 103,
  "fields": {
    "name": "Can delete order",
    "content_type": 36,
    "codename": "delete_order"
  }
},
{
  "model": "auth.permission",
  "pk": 104,
  "fields": {
    "name": "Can add basket item",
    "content_type": 37,
    "codename": "add_basketitem"
  }
},
{
  "model": "auth.permission",
  "pk": 105,
  "fields": {
    "name": "Can change basket item",
    "content_type": 37,
    "codename": "change_basketitem"
  }
},
{
  "model": "auth.permission",
  "pk": 106,
  "fields": {
    "name": "Can delete basket item",
    "content_type": 37,
    "codename": "delete_basketitem"
  }
},
{
  "model": "auth.permission",
  "pk": 107,
  "fields": {
    "name": "Can add home page",
    "content_type": 2,
    "codename": "add_homepage"
  }
},
{
  "model": "auth.permission",
  "pk": 108,
  "fields": {
    "name": "Can change home page",
    "content_type": 2,
    "codename": "change_homepage"
  }
},
{
  "model": "auth.permission",
  "pk": 109,
  "fields": {
    "name": "Can delete home page",
    "content_type": 2,
    "codename": "delete_homepage"
  }
},
{
  "model": "auth.permission",
  "pk": 110,
  "fields": {
    "name": "Can add product variant",
    "content_type": 38,
    "codename": "add_productvariant"
  }
},
{
  "model": "auth.permission",
  "pk": 111,
  "fields": {
    "name": "Can change product variant",
    "content_type": 38,
    "codename": "change_productvariant"
  }
},
{
  "model": "auth.permission",
  "pk": 112,
  "fields": {
    "name": "Can delete product variant",
    "content_type": 38,
    "codename": "delete_productvariant"
  }
},
{
  "model": "auth.group",
  "pk": 1,
  "fields": {
    "name": "Moderators",
    "permissions": [
      4,
      5,
      6,
      7,
      1,
      2,
      3
    ]
  }
},
{
  "model": "auth.group",
  "pk": 2,
  "fields": {
    "name": "Editors",
    "permissions": [
      4,
      5,
      6,
      7,
      1,
      2,
      3
    ]
  }
},
{
  "model": "auth.user",
  "pk": 1,
  "fields": {
    "password": "pbkdf2_sha256$30000$k2aEjHvD2spc$mhc33Ysqn1r0YjaoBKMFbbX2F4oyL7fGh+ynD3k9tUo=",
    "last_login": "2017-04-11T07:29:35.939Z",
    "is_superuser": true,
    "username": "demo",
    "first_name": "",
    "last_name": "",
    "email": "demo@demo.com",
    "is_staff": true,
    "is_active": true,
    "date_joined": "2017-03-29T20:19:34.048Z",
    "groups": [],
    "user_permissions": []
  }
},
{
  "model": "wagtailimages.image",
  "pk": 1,
  "fields": {
    "collection": 1,
    "title": "Ramshackles - Bluebell Woods",
    "file": "original_images/EP_Jacket_Front.jpg",
    "width": 1476,
    "height": 1494,
    "created_at": "2017-04-11T07:30:08.358Z",
    "uploaded_by_user": 1,
    "focal_point_x": null,
    "focal_point_y": null,
    "focal_point_width": null,
    "focal_point_height": null,
    "file_size": 705956
  }
},
{
  "model": "wagtailimages.image",
  "pk": 2,
  "fields": {
    "collection": 1,
    "title": "fleet-foxes",
    "file": "original_images/fleet-foxes.jpg",
    "width": 1000,
    "height": 1000,
    "created_at": "2017-04-11T07:38:09.303Z",
    "uploaded_by_user": 1,
    "focal_point_x": null,
    "focal_point_y": null,
    "focal_point_width": null,
    "focal_point_height": null,
    "file_size": null
  }
},
{
  "model": "wagtailimages.image",
  "pk": 3,
  "fields": {
    "collection": 1,
    "title": "bob dylan blonde on blonde",
    "file": "original_images/blonde-on-blonde-550f6853c43ad.jpg",
    "width": 1000,
    "height": 1000,
    "created_at": "2017-04-11T07:41:16.410Z",
    "uploaded_by_user": 1,
    "focal_point_x": null,
    "focal_point_y": null,
    "focal_point_width": null,
    "focal_point_height": null,
    "file_size": null
  }
},
{
  "model": "wagtailimages.image",
  "pk": 4,
  "fields": {
    "collection": 1,
    "title": "joanna newsom ys",
    "file": "original_images/ys-502fe09d48824.jpg",
    "width": 1000,
    "height": 1000,
    "created_at": "2017-04-11T07:52:48.491Z",
    "uploaded_by_user": 1,
    "focal_point_x": null,
    "focal_point_y": null,
    "focal_point_width": null,
    "focal_point_height": null,
    "file_size": null
  }
},
{
  "model": "wagtailimages.image",
  "pk": 5,
  "fields": {
    "collection": 1,
    "title": "sufjan stevens carrie and lowell",
    "file": "original_images/carrie--lowell-55e766dbde641.jpg",
    "width": 1000,
    "height": 1000,
    "created_at": "2017-04-11T07:53:57.952Z",
    "uploaded_by_user": 1,
    "focal_point_x": null,
    "focal_point_y": null,
    "focal_point_width": null,
    "focal_point_height": null,
    "file_size": 838041
  }
},
{
  "model": "wagtailimages.image",
  "pk": 6,
  "fields": {
    "collection": 1,
    "title": "midlake the trials of van occupanther",
    "file": "original_images/the-trials-of-van-occupanther-535033141ef52.jpg",
    "width": 1000,
    "height": 1000,
    "created_at": "2017-04-11T07:54:06.612Z",
    "uploaded_by_user": 1,
    "focal_point_x": null,
    "focal_point_y": null,
    "focal_point_width": null,
    "focal_point_height": null,
    "file_size": 468231
  }
},
{
  "model": "wagtailimages.image",
  "pk": 7,
  "fields": {
    "collection": 1,
    "title": "thie microphones the glow part 2",
    "file": "original_images/the-glow-part-2-4ffe955a025d1.jpg",
    "width": 1000,
    "height": 1000,
    "created_at": "2017-04-11T07:54:10.659Z",
    "uploaded_by_user": 1,
    "focal_point_x": null,
    "focal_point_y": null,
    "focal_point_width": null,
    "focal_point_height": null,
    "file_size": 836359
  }
},
{
  "model": "wagtailimages.image",
  "pk": 8,
  "fields": {
    "collection": 1,
    "title": "Iron & Wine Our Endless Numbered Days",
    "file": "original_images/our-endless-numbered-days-4f246ed512718.jpg",
    "width": 1000,
    "height": 1000,
    "created_at": "2017-04-11T08:31:55.068Z",
    "uploaded_by_user": 1,
    "focal_point_x": null,
    "focal_point_y": null,
    "focal_point_width": null,
    "focal_point_height": null,
    "file_size": null
  }
},
{
  "model": "wagtailimages.image",
  "pk": 9,
  "fields": {
    "collection": 1,
    "title": "the decemberists picaresque",
    "file": "original_images/picaresque-55ecb49cd003f.jpg",
    "width": 1000,
    "height": 1000,
    "created_at": "2017-04-11T08:33:45.904Z",
    "uploaded_by_user": 1,
    "focal_point_x": null,
    "focal_point_y": null,
    "focal_point_width": null,
    "focal_point_height": null,
    "file_size": null
  }
},
{
  "model": "wagtailimages.image",
  "pk": 10,
  "fields": {
    "collection": 1,
    "title": "the tallest man on earth the wild hunt",
    "file": "original_images/the-wild-hunt-51ad335abb1dd.jpg",
    "width": 1000,
    "height": 1000,
    "created_at": "2017-04-11T08:37:04.954Z",
    "uploaded_by_user": 1,
    "focal_point_x": null,
    "focal_point_y": null,
    "focal_point_width": null,
    "focal_point_height": null,
    "file_size": null
  }
},
{
  "model": "wagtailimages.image",
  "pk": 11,
  "fields": {
    "collection": 1,
    "title": "the tallest man on earth shallow grave",
    "file": "original_images/shallow-grave-55eedd0e69791.jpg",
    "width": 1000,
    "height": 1000,
    "created_at": "2017-04-11T08:45:42.004Z",
    "uploaded_by_user": 1,
    "focal_point_x": null,
    "focal_point_y": null,
    "focal_point_width": null,
    "focal_point_height": null,
    "file_size": null
  }
},
{
  "model": "wagtailimages.image",
  "pk": 12,
  "fields": {
    "collection": 1,
    "title": "wilco yankee hotel foxtrot",
    "file": "original_images/yankee-hotel-foxtrot-50c9e07aaf27f.jpg",
    "width": 1000,
    "height": 1000,
    "created_at": "2017-04-11T08:48:59.258Z",
    "uploaded_by_user": 1,
    "focal_point_x": null,
    "focal_point_y": null,
    "focal_point_width": null,
    "focal_point_height": null,
    "file_size": null
  }
},
{
  "model": "wagtailcore.page",
  "pk": 1,
  "fields": {
    "path": "0001",
    "depth": 1,
    "numchild": 1,
    "title": "Root",
    "slug": "root",
    "content_type": 1,
    "live": true,
    "has_unpublished_changes": false,
    "url_path": "/",
    "owner": null,
    "seo_title": "",
    "show_in_menus": false,
    "search_description": "",
    "go_live_at": null,
    "expire_at": null,
    "expired": false,
    "locked": false,
    "first_published_at": null,
    "latest_revision_created_at": null
  }
},
{
  "model": "wagtailcore.page",
  "pk": 3,
  "fields": {
    "path": "00010001",
    "depth": 2,
    "numchild": 1,
    "title": "Homepage",
    "slug": "home",
    "content_type": 2,
    "live": true,
    "has_unpublished_changes": false,
    "url_path": "/home/",
    "owner": null,
    "seo_title": "",
    "show_in_menus": false,
    "search_description": "",
    "go_live_at": null,
    "expire_at": null,
    "expired": false,
    "locked": false,
    "first_published_at": null,
    "latest_revision_created_at": null
  }
},
{
  "model": "wagtailcore.page",
  "pk": 4,
  "fields": {
    "path": "000100010001",
    "depth": 3,
    "numchild": 12,
    "title": "Products",
    "slug": "products",
    "content_type": 33,
    "live": true,
    "has_unpublished_changes": false,
    "url_path": "/home/products/",
    "owner": 1,
    "seo_title": "",
    "show_in_menus": false,
    "search_description": "",
    "go_live_at": null,
    "expire_at": null,
    "expired": false,
    "locked": false,
    "first_published_at": "2017-03-29T20:21:29.967Z",
    "latest_revision_created_at": "2017-03-29T20:21:29.919Z"
  }
},
{
  "model": "wagtailcore.page",
  "pk": 5,
  "fields": {
    "path": "0001000100010001",
    "depth": 4,
    "numchild": 0,
    "title": "Ramshackles - Bluebell Woods",
    "slug": "t-shirt",
    "content_type": 34,
    "live": true,
    "has_unpublished_changes": false,
    "url_path": "/home/products/t-shirt/",
    "owner": 1,
    "seo_title": "",
    "show_in_menus": false,
    "search_description": "",
    "go_live_at": null,
    "expire_at": null,
    "expired": false,
    "locked": false,
    "first_published_at": "2017-03-31T07:09:27.888Z",
    "latest_revision_created_at": "2017-04-11T08:51:40.823Z"
  }
},
{
  "model": "wagtailcore.page",
  "pk": 6,
  "fields": {
    "path": "0001000100010002",
    "depth": 4,
    "numchild": 0,
    "title": "Fleet Foxes - Fleet Foxes",
    "slug": "fleet-foxes-fleet-foxes",
    "content_type": 34,
    "live": true,
    "has_unpublished_changes": false,
    "url_path": "/home/products/fleet-foxes-fleet-foxes/",
    "owner": 1,
    "seo_title": "",
    "show_in_menus": false,
    "search_description": "",
    "go_live_at": null,
    "expire_at": null,
    "expired": false,
    "locked": false,
    "first_published_at": "2017-04-11T07:38:26.587Z",
    "latest_revision_created_at": "2017-04-11T08:41:31.096Z"
  }
},
{
  "model": "wagtailcore.page",
  "pk": 7,
  "fields": {
    "path": "0001000100010003",
    "depth": 4,
    "numchild": 0,
    "title": "Bob Dylan - Blonde on Blonde",
    "slug": "bob-dylan-blonde-blonde",
    "content_type": 34,
    "live": true,
    "has_unpublished_changes": false,
    "url_path": "/home/products/bob-dylan-blonde-blonde/",
    "owner": 1,
    "seo_title": "",
    "show_in_menus": false,
    "search_description": "",
    "go_live_at": null,
    "expire_at": null,
    "expired": false,
    "locked": false,
    "first_published_at": "2017-04-11T07:41:28.337Z",
    "latest_revision_created_at": "2017-04-11T07:41:50.484Z"
  }
},
{
  "model": "wagtailcore.page",
  "pk": 8,
  "fields": {
    "path": "0001000100010004",
    "depth": 4,
    "numchild": 0,
    "title": "Joanna Newsom - Ys",
    "slug": "joanna-newsom-ys",
    "content_type": 34,
    "live": true,
    "has_unpublished_changes": false,
    "url_path": "/home/products/joanna-newsom-ys/",
    "owner": 1,
    "seo_title": "",
    "show_in_menus": false,
    "search_description": "",
    "go_live_at": null,
    "expire_at": null,
    "expired": false,
    "locked": false,
    "first_published_at": "2017-04-11T07:53:03.625Z",
    "latest_revision_created_at": "2017-04-11T07:53:03.549Z"
  }
},
{
  "model": "wagtailcore.page",
  "pk": 9,
  "fields": {
    "path": "0001000100010005",
    "depth": 4,
    "numchild": 0,
    "title": "The Microphones - The Glow Part 2",
    "slug": "microphones-glow-part-2",
    "content_type": 34,
    "live": true,
    "has_unpublished_changes": false,
    "url_path": "/home/products/microphones-glow-part-2/",
    "owner": 1,
    "seo_title": "",
    "show_in_menus": false,
    "search_description": "",
    "go_live_at": null,
    "expire_at": null,
    "expired": false,
    "locked": false,
    "first_published_at": "2017-04-11T07:56:22.502Z",
    "latest_revision_created_at": "2017-04-11T07:56:22.396Z"
  }
},
{
  "model": "wagtailcore.page",
  "pk": 10,
  "fields": {
    "path": "0001000100010006",
    "depth": 4,
    "numchild": 0,
    "title": "Midlake - The Trials of Van Occupanther",
    "slug": "midlake-trials-van-occupanther",
    "content_type": 34,
    "live": true,
    "has_unpublished_changes": false,
    "url_path": "/home/products/midlake-trials-van-occupanther/",
    "owner": 1,
    "seo_title": "",
    "show_in_menus": false,
    "search_description": "",
    "go_live_at": null,
    "expire_at": null,
    "expired": false,
    "locked": false,
    "first_published_at": "2017-04-11T07:58:33.338Z",
    "latest_revision_created_at": "2017-04-11T07:58:33.272Z"
  }
},
{
  "model": "wagtailcore.page",
  "pk": 11,
  "fields": {
    "path": "0001000100010007",
    "depth": 4,
    "numchild": 0,
    "title": "Sufjan Stevens - Carrie and Lowell",
    "slug": "sufjan-stevens-carrie-and-lowell",
    "content_type": 34,
    "live": true,
    "has_unpublished_changes": false,
    "url_path": "/home/products/sufjan-stevens-carrie-and-lowell/",
    "owner": 1,
    "seo_title": "",
    "show_in_menus": false,
    "search_description": "",
    "go_live_at": null,
    "expire_at": null,
    "expired": false,
    "locked": false,
    "first_published_at": "2017-04-11T08:02:21.488Z",
    "latest_revision_created_at": "2017-04-11T08:02:21.352Z"
  }
},
{
  "model": "wagtailcore.page",
  "pk": 12,
  "fields": {
    "path": "0001000100010008",
    "depth": 4,
    "numchild": 0,
    "title": "Iron & Wine - Our Endless Numbered Days",
    "slug": "iron-wine-our-endless-numbered-days",
    "content_type": 34,
    "live": true,
    "has_unpublished_changes": false,
    "url_path": "/home/products/iron-wine-our-endless-numbered-days/",
    "owner": 1,
    "seo_title": "",
    "show_in_menus": false,
    "search_description": "",
    "go_live_at": null,
    "expire_at": null,
    "expired": false,
    "locked": false,
    "first_published_at": "2017-04-11T08:32:04.731Z",
    "latest_revision_created_at": "2017-04-11T08:32:04.664Z"
  }
},
{
  "model": "wagtailcore.page",
  "pk": 13,
  "fields": {
    "path": "0001000100010009",
    "depth": 4,
    "numchild": 0,
    "title": "The Decemberists - Picaresque",
    "slug": "decemberists-picaresque",
    "content_type": 34,
    "live": true,
    "has_unpublished_changes": false,
    "url_path": "/home/products/decemberists-picaresque/",
    "owner": 1,
    "seo_title": "",
    "show_in_menus": false,
    "search_description": "",
    "go_live_at": null,
    "expire_at": null,
    "expired": false,
    "locked": false,
    "first_published_at": "2017-04-11T08:33:58.682Z",
    "latest_revision_created_at": "2017-04-11T08:33:58.630Z"
  }
},
{
  "model": "wagtailcore.page",
  "pk": 14,
  "fields": {
    "path": "000100010001000A",
    "depth": 4,
    "numchild": 0,
    "title": "The Tallest Man On Earth - The Wild Hunt",
    "slug": "tallest-man-earth-wild-hunt",
    "content_type": 34,
    "live": true,
    "has_unpublished_changes": false,
    "url_path": "/home/products/tallest-man-earth-wild-hunt/",
    "owner": 1,
    "seo_title": "",
    "show_in_menus": false,
    "search_description": "",
    "go_live_at": null,
    "expire_at": null,
    "expired": false,
    "locked": false,
    "first_published_at": "2017-04-11T08:37:20.304Z",
    "latest_revision_created_at": "2017-04-11T08:37:20.231Z"
  }
},
{
  "model": "wagtailcore.page",
  "pk": 15,
  "fields": {
    "path": "000100010001000B",
    "depth": 4,
    "numchild": 0,
    "title": "The Tallest Man On Earth - Shallow Grave",
    "slug": "tallest-man-earth-shallow-grave",
    "content_type": 34,
    "live": true,
    "has_unpublished_changes": false,
    "url_path": "/home/products/tallest-man-earth-shallow-grave/",
    "owner": 1,
    "seo_title": "",
    "show_in_menus": false,
    "search_description": "",
    "go_live_at": null,
    "expire_at": null,
    "expired": false,
    "locked": false,
    "first_published_at": "2017-04-11T08:45:55.086Z",
    "latest_revision_created_at": "2017-04-11T08:45:55.011Z"
  }
},
{
  "model": "wagtailcore.page",
  "pk": 16,
  "fields": {
    "path": "000100010001000C",
    "depth": 4,
    "numchild": 0,
    "title": "Wilco - Yankee Hotel Foxtrot",
    "slug": "wilco-yankee-hotel-foxtrot",
    "content_type": 34,
    "live": true,
    "has_unpublished_changes": false,
    "url_path": "/home/products/wilco-yankee-hotel-foxtrot/",
    "owner": 1,
    "seo_title": "",
    "show_in_menus": false,
    "search_description": "",
    "go_live_at": null,
    "expire_at": null,
    "expired": false,
    "locked": false,
    "first_published_at": "2017-04-11T08:49:12.552Z",
    "latest_revision_created_at": "2017-04-11T08:49:12.106Z"
  }
},
{
  "model": "wagtailcore.pagerevision",
  "pk": 1,
  "fields": {
    "page": 4,
    "submitted_for_moderation": false,
    "created_at": "2017-03-29T20:21:29.919Z",
    "user": 1,
    "content_json": "{\"has_unpublished_changes\": false, \"pk\": 4, \"slug\": \"products\", \"first_published_at\": null, \"locked\": false, \"owner\": 1, \"expire_at\": null, \"url_path\": \"/home/products/\", \"search_description\": \"\", \"content_type\": 33, \"latest_revision_created_at\": null, \"live\": true, \"title\": \"Products\", \"go_live_at\": null, \"path\": \"000100010001\", \"numchild\": 0, \"seo_title\": \"\", \"expired\": false, \"depth\": 3, \"show_in_menus\": false}",
    "approved_go_live_at": null
  }
},
{
  "model": "wagtailcore.pagerevision",
  "pk": 2,
  "fields": {
    "page": 5,
    "submitted_for_moderation": false,
    "created_at": "2017-03-31T07:09:24.343Z",
    "user": 1,
    "content_json": "{\"expired\": false, \"go_live_at\": null, \"path\": \"0001000100010001\", \"url_path\": \"/home/products/t-shirt/\", \"search_description\": \"\", \"expire_at\": null, \"latest_revision_created_at\": null, \"slug\": \"t-shirt\", \"title\": \"A T-Shirt\", \"live\": false, \"first_published_at\": null, \"show_in_menus\": false, \"locked\": false, \"owner\": 1, \"description\": \"<p>Some random tshirt</p>\", \"depth\": 4, \"pk\": 5, \"variants\": [{\"slug\": \"atshirtsmall\", \"ref\": \"small\", \"pk\": 1, \"product\": 5, \"stock\": 5, \"size\": \"S\", \"price\": \"15.00\"}, {\"slug\": \"atshirtmedium\", \"ref\": \"medium\", \"pk\": 2, \"product\": 5, \"stock\": 5, \"size\": \"M\", \"price\": \"15.00\"}, {\"slug\": \"atshirtlarge\", \"ref\": \"large\", \"pk\": 3, \"product\": 5, \"stock\": 5, \"size\": \"L\", \"price\": \"15.00\"}], \"content_type\": 34, \"images\": [], \"tagged_items\": [], \"numchild\": 0, \"seo_title\": \"\", \"has_unpublished_changes\": false}",
    "approved_go_live_at": null
  }
},
{
  "model": "wagtailcore.pagerevision",
  "pk": 3,
  "fields": {
    "page": 5,
    "submitted_for_moderation": false,
    "created_at": "2017-03-31T07:09:27.841Z",
    "user": 1,
    "content_json": "{\"expired\": false, \"go_live_at\": null, \"path\": \"0001000100010001\", \"url_path\": \"/home/products/t-shirt/\", \"search_description\": \"\", \"expire_at\": null, \"latest_revision_created_at\": \"2017-03-31T07:09:24.343Z\", \"slug\": \"t-shirt\", \"title\": \"A T-Shirt\", \"live\": false, \"first_published_at\": null, \"show_in_menus\": false, \"locked\": false, \"owner\": 1, \"description\": \"<p>Some random tshirt</p>\", \"depth\": 4, \"pk\": 5, \"variants\": [{\"slug\": \"atshirtsmall\", \"ref\": \"small\", \"pk\": 1, \"product\": null, \"stock\": 5, \"size\": \"S\", \"price\": \"15.00\"}, {\"slug\": \"atshirtmedium\", \"ref\": \"medium\", \"pk\": 2, \"product\": null, \"stock\": 5, \"size\": \"M\", \"price\": \"15.00\"}, {\"slug\": \"atshirtlarge\", \"ref\": \"large\", \"pk\": 3, \"product\": null, \"stock\": 5, \"size\": \"L\", \"price\": \"15.00\"}], \"content_type\": 34, \"images\": [], \"tagged_items\": [], \"numchild\": 0, \"seo_title\": \"\", \"has_unpublished_changes\": true}",
    "approved_go_live_at": null
  }
},
{
  "model": "wagtailcore.pagerevision",
  "pk": 4,
  "fields": {
    "page": 5,
    "submitted_for_moderation": false,
    "created_at": "2017-03-31T07:19:35.523Z",
    "user": 1,
    "content_json": "{\"tagged_items\": [], \"has_unpublished_changes\": false, \"images\": [], \"content_type\": 34, \"seo_title\": \"\", \"numchild\": 0, \"pk\": 5, \"live\": true, \"depth\": 4, \"url_path\": \"/home/products/t-shirt/\", \"title\": \"Ramshackles - Bluebell Woods\", \"variants\": [{\"pk\": 1, \"music_format\": \"CD\", \"product\": 5, \"ref\": \"cd\", \"slug\": \"atshirtsmall\", \"stock\": 5, \"price\": \"7.99\"}, {\"pk\": null, \"music_format\": \"Vinyl\", \"product\": 5, \"ref\": \"vinyl\", \"slug\": \"ramshacklesbluebellwoodsvinyl\", \"stock\": 5, \"price\": \"15.99\"}], \"description\": \"<p>Some random tshirt</p>\", \"expire_at\": null, \"first_published_at\": \"2017-03-31T07:09:27.888Z\", \"go_live_at\": null, \"slug\": \"t-shirt\", \"latest_revision_created_at\": \"2017-03-31T07:09:27.841Z\", \"show_in_menus\": false, \"expired\": false, \"search_description\": \"\", \"path\": \"0001000100010001\", \"owner\": 1, \"locked\": false}",
    "approved_go_live_at": null
  }
},
{
  "model": "wagtailcore.pagerevision",
  "pk": 5,
  "fields": {
    "page": 5,
    "submitted_for_moderation": false,
    "created_at": "2017-03-31T07:44:26.071Z",
    "user": 1,
    "content_json": "{\"tagged_items\": [], \"has_unpublished_changes\": false, \"images\": [], \"content_type\": 34, \"seo_title\": \"\", \"numchild\": 0, \"pk\": 5, \"live\": true, \"depth\": 4, \"url_path\": \"/home/products/t-shirt/\", \"title\": \"Ramshackles - Bluebell Woods\", \"variants\": [{\"pk\": 1, \"music_format\": \"CD\", \"product\": 5, \"ref\": \"cd\", \"slug\": \"atshirtsmall\", \"stock\": 5, \"price\": \"7.99\"}, {\"pk\": 4, \"music_format\": \"Vinyl\", \"product\": 5, \"ref\": \"vinyl\", \"slug\": \"ramshacklesbluebellwoodsvinyl\", \"stock\": 5, \"price\": \"15.99\"}], \"description\": \"<p>Some random tshirt</p>\", \"expire_at\": null, \"first_published_at\": \"2017-03-31T07:09:27.888Z\", \"go_live_at\": null, \"slug\": \"t-shirt\", \"latest_revision_created_at\": \"2017-03-31T07:19:35.523Z\", \"show_in_menus\": false, \"expired\": false, \"search_description\": \"\", \"path\": \"0001000100010001\", \"owner\": 1, \"locked\": false}",
    "approved_go_live_at": null
  }
},
{
  "model": "wagtailcore.pagerevision",
  "pk": 6,
  "fields": {
    "page": 5,
    "submitted_for_moderation": false,
    "created_at": "2017-03-31T07:55:12.615Z",
    "user": 1,
    "content_json": "{\"expire_at\": null, \"seo_title\": \"\", \"title\": \"Ramshackles - Bluebell Woods\", \"pk\": 5, \"path\": \"0001000100010001\", \"slug\": \"t-shirt\", \"first_published_at\": \"2017-03-31T07:09:27.888Z\", \"owner\": 1, \"tagged_items\": [], \"has_unpublished_changes\": false, \"description\": \"<p>Some random tshirt</p>\", \"content_type\": 34, \"locked\": false, \"expired\": false, \"numchild\": 0, \"go_live_at\": null, \"depth\": 4, \"variants\": [{\"price\": \"7.99\", \"pk\": 1, \"stock\": 5, \"product\": 5, \"music_format\": \"CD\", \"ref\": \"cd\", \"slug\": \"atshirtsmall\"}, {\"price\": \"15.99\", \"pk\": 4, \"stock\": 5, \"product\": 5, \"music_format\": \"Vinyl\", \"ref\": \"vinyl\", \"slug\": \"ramshacklesbluebellwoodsvinyl\"}], \"live\": true, \"url_path\": \"/home/products/t-shirt/\", \"latest_revision_created_at\": \"2017-03-31T07:44:26.071Z\", \"show_in_menus\": false, \"images\": [], \"search_description\": \"\"}",
    "approved_go_live_at": null
  }
},
{
  "model": "wagtailcore.pagerevision",
  "pk": 7,
  "fields": {
    "page": 5,
    "submitted_for_moderation": false,
    "created_at": "2017-04-11T07:30:51.342Z",
    "user": 1,
    "content_json": "{\"slug\": \"t-shirt\", \"seo_title\": \"\", \"tagged_items\": [{\"content_object\": 5, \"tag\": 1, \"pk\": null}, {\"content_object\": 5, \"tag\": 4, \"pk\": null}, {\"content_object\": 5, \"tag\": 5, \"pk\": null}, {\"content_object\": 5, \"tag\": 6, \"pk\": null}], \"pk\": 5, \"depth\": 4, \"description\": \"<p>Some random tshirt</p>\", \"expire_at\": null, \"owner\": 1, \"first_published_at\": \"2017-03-31T07:09:27.888Z\", \"images\": [], \"content_type\": 34, \"has_unpublished_changes\": false, \"show_in_menus\": false, \"go_live_at\": null, \"live\": true, \"variants\": [{\"price\": \"7.99\", \"stock\": 5, \"product\": 5, \"slug\": \"atshirtsmall\", \"ref\": \"cd\", \"pk\": 1, \"music_format\": \"CD\"}, {\"price\": \"15.99\", \"stock\": 5, \"product\": 5, \"slug\": \"ramshacklesbluebellwoodsvinyl\", \"ref\": \"vinyl\", \"pk\": 4, \"music_format\": \"Vinyl\"}], \"url_path\": \"/home/products/t-shirt/\", \"search_description\": \"\", \"path\": \"0001000100010001\", \"expired\": false, \"title\": \"Ramshackles - Bluebell Woods\", \"latest_revision_created_at\": \"2017-03-31T07:55:12.615Z\", \"locked\": false, \"numchild\": 0}",
    "approved_go_live_at": null
  }
},
{
  "model": "wagtailcore.pagerevision",
  "pk": 8,
  "fields": {
    "page": 5,
    "submitted_for_moderation": false,
    "created_at": "2017-04-11T07:31:15.796Z",
    "user": 1,
    "content_json": "{\"slug\": \"t-shirt\", \"seo_title\": \"\", \"tagged_items\": [{\"content_object\": 5, \"tag\": 1, \"pk\": null}, {\"content_object\": 5, \"tag\": 4, \"pk\": null}, {\"content_object\": 5, \"tag\": 5, \"pk\": null}, {\"content_object\": 5, \"tag\": 6, \"pk\": null}], \"pk\": 5, \"depth\": 4, \"description\": \"<p>Some random tshirt</p>\", \"expire_at\": null, \"owner\": 1, \"first_published_at\": \"2017-03-31T07:09:27.888Z\", \"images\": [{\"product\": 5, \"caption\": \"\", \"sort_order\": 0, \"image\": 1, \"pk\": null}], \"content_type\": 34, \"has_unpublished_changes\": false, \"show_in_menus\": false, \"go_live_at\": null, \"live\": true, \"variants\": [{\"price\": \"7.99\", \"stock\": 5, \"product\": 5, \"slug\": \"atshirtsmall\", \"ref\": \"cd\", \"pk\": 1, \"music_format\": \"CD\"}, {\"price\": \"15.99\", \"stock\": 5, \"product\": 5, \"slug\": \"ramshacklesbluebellwoodsvinyl\", \"ref\": \"vinyl\", \"pk\": 4, \"music_format\": \"Vinyl\"}], \"url_path\": \"/home/products/t-shirt/\", \"search_description\": \"\", \"path\": \"0001000100010001\", \"expired\": false, \"title\": \"Ramshackles - Bluebell Woods\", \"latest_revision_created_at\": \"2017-04-11T07:30:51.342Z\", \"locked\": false, \"numchild\": 0}",
    "approved_go_live_at": null
  }
},
{
  "model": "wagtailcore.pagerevision",
  "pk": 9,
  "fields": {
    "page": 6,
    "submitted_for_moderation": false,
    "created_at": "2017-04-11T07:38:26.535Z",
    "user": 1,
    "content_json": "{\"slug\": \"fleet-foxes-fleet-foxes\", \"seo_title\": \"\", \"tagged_items\": [{\"content_object\": 6, \"tag\": 8, \"pk\": 9}, {\"content_object\": 6, \"tag\": 1, \"pk\": 10}, {\"content_object\": 6, \"tag\": 5, \"pk\": 11}, {\"content_object\": 6, \"tag\": 7, \"pk\": 12}], \"pk\": 6, \"depth\": 4, \"description\": \"<p>Fleet foxes debut album</p>\", \"expire_at\": null, \"owner\": 1, \"first_published_at\": null, \"images\": [{\"product\": 6, \"caption\": \"\", \"sort_order\": 0, \"image\": 2, \"pk\": 2}], \"content_type\": 34, \"has_unpublished_changes\": false, \"show_in_menus\": false, \"go_live_at\": null, \"live\": true, \"variants\": [], \"url_path\": \"/home/products/fleet-foxes-fleet-foxes/\", \"search_description\": \"\", \"path\": \"0001000100010002\", \"expired\": false, \"title\": \"Fleet Foxes - Fleet Foxes\", \"latest_revision_created_at\": null, \"locked\": false, \"numchild\": 0}",
    "approved_go_live_at": null
  }
},
{
  "model": "wagtailcore.pagerevision",
  "pk": 10,
  "fields": {
    "page": 7,
    "submitted_for_moderation": false,
    "created_at": "2017-04-11T07:41:28.279Z",
    "user": 1,
    "content_json": "{\"slug\": \"bob-dylan-blonde-blonde\", \"seo_title\": \"\", \"tagged_items\": [{\"content_object\": 7, \"tag\": 8, \"pk\": 13}, {\"content_object\": 7, \"tag\": 9, \"pk\": 14}, {\"content_object\": 7, \"tag\": 5, \"pk\": 15}, {\"content_object\": 7, \"tag\": 1, \"pk\": 16}], \"pk\": 7, \"depth\": 4, \"description\": \"<p>Lorem ipsum dolor sit amet, consectetur adipiscing elit. Duis sed dapibus metus, ut semper diam. Ut ac vulputate ligula. Maecenas ut nulla id neque consequat iaculis sed venenatis augue. Cras et ligula eu nunc dignissim aliquam et quis risus. Aenean in odio et turpis porta tristique. Pellentesque habitant morbi tristique.</p>\", \"expire_at\": null, \"owner\": 1, \"first_published_at\": null, \"images\": [{\"product\": 7, \"caption\": \"\", \"sort_order\": 0, \"image\": 3, \"pk\": 3}], \"content_type\": 34, \"has_unpublished_changes\": false, \"show_in_menus\": false, \"go_live_at\": null, \"live\": true, \"variants\": [{\"price\": \"21.99\", \"stock\": 5, \"product\": 7, \"slug\": \"bobdylanblondeonblondevinyl\", \"ref\": \"vinyl\", \"pk\": 5, \"music_format\": \"Vinyl\"}], \"url_path\": \"/home/products/bob-dylan-blonde-blonde/\", \"search_description\": \"\", \"path\": \"0001000100010003\", \"expired\": false, \"title\": \"Bob Dylan - Blonde on Blonde\", \"latest_revision_created_at\": null, \"locked\": false, \"numchild\": 0}",
    "approved_go_live_at": null
  }
},
{
  "model": "wagtailcore.pagerevision",
  "pk": 11,
  "fields": {
    "page": 7,
    "submitted_for_moderation": false,
    "created_at": "2017-04-11T07:41:50.484Z",
    "user": 1,
    "content_json": "{\"slug\": \"bob-dylan-blonde-blonde\", \"seo_title\": \"\", \"tagged_items\": [{\"content_object\": 7, \"tag\": 8, \"pk\": null}, {\"content_object\": 7, \"tag\": 9, \"pk\": null}, {\"content_object\": 7, \"tag\": 5, \"pk\": null}, {\"content_object\": 7, \"tag\": 1, \"pk\": null}], \"pk\": 7, \"depth\": 4, \"description\": \"<p>Lorem ipsum dolor sit amet, consectetur adipiscing elit. Duis sed dapibus metus, ut semper diam. Ut ac vulputate ligula. Maecenas ut nulla id neque consequat iaculis sed venenatis augue.\\u00a0</p>\", \"expire_at\": null, \"owner\": 1, \"first_published_at\": \"2017-04-11T07:41:28.337Z\", \"images\": [{\"product\": 7, \"caption\": \"\", \"sort_order\": 0, \"image\": 3, \"pk\": 3}], \"content_type\": 34, \"has_unpublished_changes\": false, \"show_in_menus\": false, \"go_live_at\": null, \"live\": true, \"variants\": [{\"price\": \"21.99\", \"stock\": 5, \"product\": 7, \"slug\": \"bobdylanblondeonblondevinyl\", \"ref\": \"vinyl\", \"pk\": 5, \"music_format\": \"Vinyl\"}], \"url_path\": \"/home/products/bob-dylan-blonde-blonde/\", \"search_description\": \"\", \"path\": \"0001000100010003\", \"expired\": false, \"title\": \"Bob Dylan - Blonde on Blonde\", \"latest_revision_created_at\": \"2017-04-11T07:41:28.279Z\", \"locked\": false, \"numchild\": 0}",
    "approved_go_live_at": null
  }
},
{
  "model": "wagtailcore.pagerevision",
  "pk": 12,
  "fields": {
    "page": 8,
    "submitted_for_moderation": false,
    "created_at": "2017-04-11T07:53:03.549Z",
    "user": 1,
    "content_json": "{\"slug\": \"joanna-newsom-ys\", \"seo_title\": \"\", \"tagged_items\": [{\"content_object\": 8, \"tag\": 8, \"pk\": 21}, {\"content_object\": 8, \"tag\": 1, \"pk\": 22}, {\"content_object\": 8, \"tag\": 11, \"pk\": 23}, {\"content_object\": 8, \"tag\": 5, \"pk\": 24}], \"pk\": 8, \"depth\": 4, \"description\": \"<p>Lorem ipsum dolor sit amet, consectetur adipiscing elit. Donec id nibh orci. Maecenas nec convallis nulla, sit amet hendrerit orci. Nam quis orci dignissim, rutrum.</p>\", \"expire_at\": null, \"owner\": 1, \"first_published_at\": null, \"images\": [{\"product\": 8, \"caption\": \"\", \"sort_order\": 0, \"image\": 4, \"pk\": 4}], \"content_type\": 34, \"has_unpublished_changes\": false, \"show_in_menus\": false, \"go_live_at\": null, \"live\": true, \"variants\": [{\"price\": \"7.99\", \"stock\": 0, \"product\": 8, \"slug\": \"joannanewsomyscd\", \"ref\": \"cd\", \"pk\": 6, \"music_format\": \"CD\"}, {\"price\": \"15.99\", \"stock\": 20, \"product\": 8, \"slug\": \"joannanewsomysvinyl\", \"ref\": \"vinyl\", \"pk\": 7, \"music_format\": \"Vinyl\"}], \"url_path\": \"/home/products/joanna-newsom-ys/\", \"search_description\": \"\", \"path\": \"0001000100010004\", \"expired\": false, \"title\": \"Joanna Newsom - Ys\", \"latest_revision_created_at\": null, \"locked\": false, \"numchild\": 0}",
    "approved_go_live_at": null
  }
},
{
  "model": "wagtailcore.pagerevision",
  "pk": 13,
  "fields": {
    "page": 9,
    "submitted_for_moderation": false,
    "created_at": "2017-04-11T07:56:22.396Z",
    "user": 1,
    "content_json": "{\"slug\": \"microphones-glow-part-2\", \"seo_title\": \"\", \"tagged_items\": [{\"content_object\": 9, \"tag\": 8, \"pk\": 25}, {\"content_object\": 9, \"tag\": 1, \"pk\": 26}, {\"content_object\": 9, \"tag\": 5, \"pk\": 27}, {\"content_object\": 9, \"tag\": 14, \"pk\": 28}], \"pk\": 9, \"depth\": 4, \"description\": \"<p>Lorem ipsum dolor sit amet, consectetur adipiscing elit. Sed est nisl, tempor nec magna varius, aliquam porta ipsum. Duis tempus faucibus justo sed laoreet. Proin.<br/></p>\", \"expire_at\": null, \"owner\": 1, \"first_published_at\": null, \"images\": [{\"product\": 9, \"caption\": \"\", \"sort_order\": 0, \"image\": 7, \"pk\": 5}], \"content_type\": 34, \"has_unpublished_changes\": false, \"show_in_menus\": false, \"go_live_at\": null, \"live\": true, \"variants\": [{\"price\": \"7.99\", \"stock\": 55, \"product\": 9, \"slug\": \"themicrophonestheglowpart2cd\", \"ref\": \"cd\", \"pk\": 8, \"music_format\": \"CD\"}, {\"price\": \"15.99\", \"stock\": 6, \"product\": 9, \"slug\": \"themicrophonestheglowpart2vinyl\", \"ref\": \"vinyl\", \"pk\": 9, \"music_format\": \"Vinyl\"}], \"url_path\": \"/home/products/microphones-glow-part-2/\", \"search_description\": \"\", \"path\": \"0001000100010005\", \"expired\": false, \"title\": \"The Microphones - The Glow Part 2\", \"latest_revision_created_at\": null, \"locked\": false, \"numchild\": 0}",
    "approved_go_live_at": null
  }
},
{
  "model": "wagtailcore.pagerevision",
  "pk": 14,
  "fields": {
    "page": 5,
    "submitted_for_moderation": false,
    "created_at": "2017-04-11T07:57:34.168Z",
    "user": 1,
    "content_json": "{\"slug\": \"t-shirt\", \"seo_title\": \"\", \"tagged_items\": [{\"content_object\": 5, \"tag\": 1, \"pk\": null}, {\"content_object\": 5, \"tag\": 4, \"pk\": null}, {\"content_object\": 5, \"tag\": 5, \"pk\": null}, {\"content_object\": 5, \"tag\": 6, \"pk\": null}], \"pk\": 5, \"depth\": 4, \"description\": \"<p>Debut EP from the french/english folksters<br/></p>\", \"expire_at\": null, \"owner\": 1, \"first_published_at\": \"2017-03-31T07:09:27.888Z\", \"images\": [{\"product\": 5, \"caption\": \"\", \"sort_order\": 0, \"image\": 1, \"pk\": 1}], \"content_type\": 34, \"has_unpublished_changes\": false, \"show_in_menus\": false, \"go_live_at\": null, \"live\": true, \"variants\": [{\"price\": \"7.99\", \"stock\": 5, \"product\": 5, \"slug\": \"atshirtsmall\", \"ref\": \"cd\", \"pk\": 1, \"music_format\": \"CD\"}, {\"price\": \"15.99\", \"stock\": 5, \"product\": 5, \"slug\": \"ramshacklesbluebellwoodsvinyl\", \"ref\": \"vinyl\", \"pk\": 4, \"music_format\": \"Vinyl\"}], \"url_path\": \"/home/products/t-shirt/\", \"search_description\": \"\", \"path\": \"0001000100010001\", \"expired\": false, \"title\": \"Ramshackles - Bluebell Woods\", \"latest_revision_created_at\": \"2017-04-11T07:31:15.796Z\", \"locked\": false, \"numchild\": 0}",
    "approved_go_live_at": null
  }
},
{
  "model": "wagtailcore.pagerevision",
  "pk": 15,
  "fields": {
    "page": 10,
    "submitted_for_moderation": false,
    "created_at": "2017-04-11T07:58:33.272Z",
    "user": 1,
    "content_json": "{\"slug\": \"midlake-trials-van-occupanther\", \"seo_title\": \"\", \"tagged_items\": [{\"content_object\": 10, \"tag\": 8, \"pk\": 33}, {\"content_object\": 10, \"tag\": 1, \"pk\": 34}, {\"content_object\": 10, \"tag\": 5, \"pk\": 35}, {\"content_object\": 10, \"tag\": 13, \"pk\": 36}], \"pk\": 10, \"depth\": 4, \"description\": \"<p><p>Lorem ipsum dolor sit amet, consectetur adipiscing elit. Maecenas diam.</p><p><br/></p></p>\", \"expire_at\": null, \"owner\": 1, \"first_published_at\": null, \"images\": [{\"product\": 10, \"caption\": \"\", \"sort_order\": 0, \"image\": 6, \"pk\": 6}], \"content_type\": 34, \"has_unpublished_changes\": false, \"show_in_menus\": false, \"go_live_at\": null, \"live\": true, \"variants\": [{\"price\": \"7.99\", \"stock\": 10, \"product\": 10, \"slug\": \"midlakethetrialsofvanoccupanthercd\", \"ref\": \"cd\", \"pk\": 10, \"music_format\": \"CD\"}], \"url_path\": \"/home/products/midlake-trials-van-occupanther/\", \"search_description\": \"\", \"path\": \"0001000100010006\", \"expired\": false, \"title\": \"Midlake - The Trials of Van Occupanther\", \"latest_revision_created_at\": null, \"locked\": false, \"numchild\": 0}",
    "approved_go_live_at": null
  }
},
{
  "model": "wagtailcore.pagerevision",
  "pk": 16,
  "fields": {
    "page": 11,
    "submitted_for_moderation": false,
    "created_at": "2017-04-11T08:02:21.352Z",
    "user": 1,
    "content_json": "{\"slug\": \"sufjan-stevens-carrie-and-lowell\", \"seo_title\": \"\", \"tagged_items\": [{\"content_object\": 11, \"tag\": 8, \"pk\": 37}, {\"content_object\": 11, \"tag\": 1, \"pk\": 38}, {\"content_object\": 11, \"tag\": 12, \"pk\": 39}, {\"content_object\": 11, \"tag\": 5, \"pk\": 40}], \"pk\": 11, \"depth\": 4, \"description\": \"<p><p>Lorem ipsum dolor sit amet, consectetur adipiscing elit. Maecenas diam.</p><p><br/></p></p>\", \"expire_at\": null, \"owner\": 1, \"first_published_at\": null, \"images\": [{\"product\": 11, \"caption\": \"\", \"sort_order\": 0, \"image\": 5, \"pk\": 7}], \"content_type\": 34, \"has_unpublished_changes\": false, \"show_in_menus\": false, \"go_live_at\": null, \"live\": true, \"variants\": [{\"price\": \"7.99\", \"stock\": 15, \"product\": 11, \"slug\": \"sufjanstevenscarrieandlowellcd\", \"ref\": \"cd\", \"pk\": 11, \"music_format\": \"CD\"}, {\"price\": \"15.99\", \"stock\": 5, \"product\": 11, \"slug\": \"sufjanstevenscarrieandlowellvinyl\", \"ref\": \"vinyl\", \"pk\": 12, \"music_format\": \"Vinyl\"}], \"url_path\": \"/home/products/sufjan-stevens-carrie-and-lowell/\", \"search_description\": \"\", \"path\": \"0001000100010007\", \"expired\": false, \"title\": \"Sufjan Stevens - Carrie and Lowell\", \"latest_revision_created_at\": null, \"locked\": false, \"numchild\": 0}",
    "approved_go_live_at": null
  }
},
{
  "model": "wagtailcore.pagerevision",
  "pk": 17,
  "fields": {
    "page": 12,
    "submitted_for_moderation": false,
    "created_at": "2017-04-11T08:32:04.664Z",
    "user": 1,
    "content_json": "{\"slug\": \"iron-wine-our-endless-numbered-days\", \"seo_title\": \"\", \"tagged_items\": [{\"content_object\": 12, \"tag\": 8, \"pk\": 41}, {\"content_object\": 12, \"tag\": 1, \"pk\": 42}, {\"content_object\": 12, \"tag\": 15, \"pk\": 43}], \"pk\": 12, \"depth\": 4, \"description\": \"<p><p>Seminal, critically acclaimed album from Iron &amp; Wine</p><p><br/></p></p>\", \"expire_at\": null, \"owner\": 1, \"first_published_at\": null, \"images\": [{\"product\": 12, \"caption\": \"\", \"sort_order\": 0, \"image\": 8, \"pk\": 8}], \"content_type\": 34, \"has_unpublished_changes\": false, \"show_in_menus\": false, \"go_live_at\": null, \"live\": true, \"variants\": [{\"price\": \"7.99\", \"stock\": 10, \"product\": 12, \"slug\": \"ironwineourendlessnumbereddayscd\", \"ref\": \"cd\", \"pk\": 13, \"music_format\": \"CD\"}], \"url_path\": \"/home/products/iron-wine-our-endless-numbered-days/\", \"search_description\": \"\", \"path\": \"0001000100010008\", \"expired\": false, \"title\": \"Iron & Wine - Our Endless Numbered Days\", \"latest_revision_created_at\": null, \"locked\": false, \"numchild\": 0}",
    "approved_go_live_at": null
  }
},
{
  "model": "wagtailcore.pagerevision",
  "pk": 18,
  "fields": {
    "page": 13,
    "submitted_for_moderation": false,
    "created_at": "2017-04-11T08:33:58.630Z",
    "user": 1,
    "content_json": "{\"slug\": \"decemberists-picaresque\", \"seo_title\": \"\", \"tagged_items\": [{\"content_object\": 13, \"tag\": 8, \"pk\": 44}, {\"content_object\": 13, \"tag\": 1, \"pk\": 45}, {\"content_object\": 13, \"tag\": 5, \"pk\": 46}, {\"content_object\": 13, \"tag\": 16, \"pk\": 47}], \"pk\": 13, \"depth\": 4, \"description\": \"<p><p>Lorem ipsum dolor sit amet, consectetur adipiscing elit. Maecenas diam.</p><p><br/></p></p>\", \"expire_at\": null, \"owner\": 1, \"first_published_at\": null, \"images\": [{\"product\": 13, \"caption\": \"\", \"sort_order\": 0, \"image\": 9, \"pk\": 9}], \"content_type\": 34, \"has_unpublished_changes\": false, \"show_in_menus\": false, \"go_live_at\": null, \"live\": true, \"variants\": [{\"price\": \"20.99\", \"stock\": 5, \"product\": 13, \"slug\": \"thedecemberistspicaresquevinyl\", \"ref\": \"vinyl\", \"pk\": 14, \"music_format\": \"Vinyl\"}], \"url_path\": \"/home/products/decemberists-picaresque/\", \"search_description\": \"\", \"path\": \"0001000100010009\", \"expired\": false, \"title\": \"The Decemberists - Picaresque\", \"latest_revision_created_at\": null, \"locked\": false, \"numchild\": 0}",
    "approved_go_live_at": null
  }
},
{
  "model": "wagtailcore.pagerevision",
  "pk": 19,
  "fields": {
    "page": 14,
    "submitted_for_moderation": false,
    "created_at": "2017-04-11T08:37:20.231Z",
    "user": 1,
    "content_json": "{\"slug\": \"tallest-man-earth-wild-hunt\", \"seo_title\": \"\", \"tagged_items\": [{\"content_object\": 14, \"tag\": 8, \"pk\": 48}, {\"content_object\": 14, \"tag\": 1, \"pk\": 49}, {\"content_object\": 14, \"tag\": 18, \"pk\": 50}, {\"content_object\": 14, \"tag\": 5, \"pk\": 51}, {\"content_object\": 14, \"tag\": 17, \"pk\": 52}], \"pk\": 14, \"depth\": 4, \"description\": \"<p>Superb sophomore album from Swedens' \\u00a0The Tallest Man on Earth</p><p>Listen to the second track:</p><p></p><embed embedtype=\\\"media\\\" url=\\\"https://www.youtube.com/watch?v=XOlm4OIpx4s&amp;list=PL_3jRxb_XvLlWDfSSLlr4ZLEBwzYvcjRI\\\"/><br/><p></p>\", \"expire_at\": null, \"owner\": 1, \"first_published_at\": null, \"images\": [{\"product\": 14, \"caption\": \"\", \"sort_order\": 0, \"image\": 10, \"pk\": 10}], \"content_type\": 34, \"has_unpublished_changes\": false, \"show_in_menus\": false, \"go_live_at\": null, \"live\": true, \"variants\": [{\"price\": \"7.99\", \"stock\": 44, \"product\": 14, \"slug\": \"thetallestmanonearththewildhuntcd\", \"ref\": \"cd\", \"pk\": 15, \"music_format\": \"CD\"}, {\"price\": \"15.99\", \"stock\": 20, \"product\": 14, \"slug\": \"thetallestmanonearththewildhuntvinyl\", \"ref\": \"vinyl\", \"pk\": 16, \"music_format\": \"Vinyl\"}], \"url_path\": \"/home/products/tallest-man-earth-wild-hunt/\", \"search_description\": \"\", \"path\": \"000100010001000A\", \"expired\": false, \"title\": \"The Tallest Man On Earth - The Wild Hunt\", \"latest_revision_created_at\": null, \"locked\": false, \"numchild\": 0}",
    "approved_go_live_at": null
  }
},
{
  "model": "wagtailcore.pagerevision",
  "pk": 20,
  "fields": {
    "page": 6,
    "submitted_for_moderation": false,
    "created_at": "2017-04-11T08:41:28.273Z",
    "user": 1,
    "content_json": "{\"slug\": \"fleet-foxes-fleet-foxes\", \"seo_title\": \"\", \"tagged_items\": [{\"content_object\": 6, \"tag\": 8, \"pk\": null}, {\"content_object\": 6, \"tag\": 1, \"pk\": null}, {\"content_object\": 6, \"tag\": 5, \"pk\": null}, {\"content_object\": 6, \"tag\": 7, \"pk\": null}], \"pk\": 6, \"depth\": 4, \"description\": \"<p>Fleet foxes debut album</p>\", \"expire_at\": null, \"owner\": 1, \"first_published_at\": \"2017-04-11T07:38:26.587Z\", \"images\": [{\"product\": 6, \"caption\": \"\", \"sort_order\": 0, \"image\": 2, \"pk\": 2}], \"content_type\": 34, \"has_unpublished_changes\": false, \"show_in_menus\": false, \"go_live_at\": null, \"live\": true, \"variants\": [{\"price\": \"7.99\", \"stock\": 0, \"product\": 6, \"slug\": \"fleetfoxesfleetfoxescd\", \"ref\": \"cd\", \"pk\": null, \"music_format\": \"CD\"}], \"url_path\": \"/home/products/fleet-foxes-fleet-foxes/\", \"search_description\": \"\", \"path\": \"0001000100010002\", \"expired\": false, \"title\": \"Fleet Foxes - Fleet Foxes\", \"latest_revision_created_at\": \"2017-04-11T07:38:26.535Z\", \"locked\": false, \"numchild\": 0}",
    "approved_go_live_at": null
  }
},
{
  "model": "wagtailcore.pagerevision",
  "pk": 21,
  "fields": {
    "page": 6,
    "submitted_for_moderation": false,
    "created_at": "2017-04-11T08:41:31.096Z",
    "user": 1,
    "content_json": "{\"slug\": \"fleet-foxes-fleet-foxes\", \"seo_title\": \"\", \"tagged_items\": [{\"content_object\": 6, \"tag\": 8, \"pk\": null}, {\"content_object\": 6, \"tag\": 1, \"pk\": null}, {\"content_object\": 6, \"tag\": 5, \"pk\": null}, {\"content_object\": 6, \"tag\": 7, \"pk\": null}], \"pk\": 6, \"depth\": 4, \"description\": \"<p>Fleet foxes debut album</p>\", \"expire_at\": null, \"owner\": 1, \"first_published_at\": \"2017-04-11T07:38:26.587Z\", \"images\": [{\"product\": null, \"caption\": \"\", \"sort_order\": 0, \"image\": 2, \"pk\": 2}], \"content_type\": 34, \"has_unpublished_changes\": true, \"show_in_menus\": false, \"go_live_at\": null, \"live\": true, \"variants\": [{\"price\": \"7.99\", \"stock\": 0, \"product\": 6, \"slug\": \"fleetfoxesfleetfoxescd\", \"ref\": \"cd\", \"pk\": null, \"music_format\": \"CD\"}], \"url_path\": \"/home/products/fleet-foxes-fleet-foxes/\", \"search_description\": \"\", \"path\": \"0001000100010002\", \"expired\": false, \"title\": \"Fleet Foxes - Fleet Foxes\", \"latest_revision_created_at\": \"2017-04-11T08:41:28.273Z\", \"locked\": false, \"numchild\": 0}",
    "approved_go_live_at": null
  }
},
{
  "model": "wagtailcore.pagerevision",
  "pk": 22,
  "fields": {
    "page": 15,
    "submitted_for_moderation": false,
    "created_at": "2017-04-11T08:45:55.011Z",
    "user": 1,
    "content_json": "{\"slug\": \"tallest-man-earth-shallow-grave\", \"seo_title\": \"\", \"tagged_items\": [{\"content_object\": 15, \"tag\": 8, \"pk\": 57}, {\"content_object\": 15, \"tag\": 1, \"pk\": 58}, {\"content_object\": 15, \"tag\": 18, \"pk\": 59}, {\"content_object\": 15, \"tag\": 5, \"pk\": 60}, {\"content_object\": 15, \"tag\": 17, \"pk\": 61}], \"pk\": 15, \"depth\": 4, \"description\": \"<p>Debut album from the Swedish folkster</p>\", \"expire_at\": null, \"owner\": 1, \"first_published_at\": null, \"images\": [{\"product\": 15, \"caption\": \"\", \"sort_order\": 0, \"image\": 11, \"pk\": 11}], \"content_type\": 34, \"has_unpublished_changes\": false, \"show_in_menus\": false, \"go_live_at\": null, \"live\": true, \"variants\": [{\"price\": \"5.99\", \"stock\": 0, \"product\": 15, \"slug\": \"thetallestmanonearthshallowgravecd\", \"ref\": \"cd\", \"pk\": 18, \"music_format\": \"CD\"}, {\"price\": \"16.96\", \"stock\": 0, \"product\": 15, \"slug\": \"thetallestmanonearthshallowgravevinyl\", \"ref\": \"vinyl\", \"pk\": 19, \"music_format\": \"Vinyl\"}], \"url_path\": \"/home/products/tallest-man-earth-shallow-grave/\", \"search_description\": \"\", \"path\": \"000100010001000B\", \"expired\": false, \"title\": \"The Tallest Man On Earth - Shallow Grave\", \"latest_revision_created_at\": null, \"locked\": false, \"numchild\": 0}",
    "approved_go_live_at": null
  }
},
{
  "model": "wagtailcore.pagerevision",
  "pk": 23,
  "fields": {
    "page": 16,
    "submitted_for_moderation": false,
    "created_at": "2017-04-11T08:49:12.106Z",
    "user": 1,
    "content_json": "{\"slug\": \"wilco-yankee-hotel-foxtrot\", \"seo_title\": \"\", \"tagged_items\": [{\"content_object\": 16, \"tag\": 8, \"pk\": 62}, {\"content_object\": 16, \"tag\": 1, \"pk\": 63}, {\"content_object\": 16, \"tag\": 19, \"pk\": 64}], \"pk\": 16, \"depth\": 4, \"description\": \"<p><p>Lorem ipsum dolor sit amet, consectetur adipiscing elit. Maecenas diam.</p><p><br/></p></p>\", \"expire_at\": null, \"owner\": 1, \"first_published_at\": null, \"images\": [{\"product\": 16, \"caption\": \"\", \"sort_order\": 0, \"image\": 12, \"pk\": 12}], \"content_type\": 34, \"has_unpublished_changes\": false, \"show_in_menus\": false, \"go_live_at\": null, \"live\": true, \"variants\": [{\"price\": \"5.99\", \"stock\": 10, \"product\": 16, \"slug\": \"wilcoyankeehotelfoxtrotcd\", \"ref\": \"cd\", \"pk\": 20, \"music_format\": \"CD\"}], \"url_path\": \"/home/products/wilco-yankee-hotel-foxtrot/\", \"search_description\": \"\", \"path\": \"000100010001000C\", \"expired\": false, \"title\": \"Wilco - Yankee Hotel Foxtrot\", \"latest_revision_created_at\": null, \"locked\": false, \"numchild\": 0}",
    "approved_go_live_at": null
  }
},
{
  "model": "wagtailcore.pagerevision",
  "pk": 24,
  "fields": {
    "page": 5,
    "submitted_for_moderation": false,
    "created_at": "2017-04-11T08:51:40.823Z",
    "user": 1,
    "content_json": "{\"slug\": \"t-shirt\", \"seo_title\": \"\", \"tagged_items\": [{\"content_object\": 5, \"tag\": 1, \"pk\": null}, {\"content_object\": 5, \"tag\": 4, \"pk\": null}, {\"content_object\": 5, \"tag\": 5, \"pk\": null}, {\"content_object\": 5, \"tag\": 6, \"pk\": null}], \"pk\": 5, \"depth\": 4, \"description\": \"<p>Debut EP from the french/english folksters.<br/></p><p>Listen to a track from the EP:</p><p></p><embed embedtype=\\\"media\\\" url=\\\"https://www.youtube.com/watch?v=zp2z2JlTzxY\\\"/><br/><p></p>\", \"expire_at\": null, \"owner\": 1, \"first_published_at\": \"2017-03-31T07:09:27.888Z\", \"images\": [{\"product\": 5, \"caption\": \"\", \"sort_order\": 0, \"image\": 1, \"pk\": 1}], \"content_type\": 34, \"has_unpublished_changes\": false, \"show_in_menus\": false, \"go_live_at\": null, \"live\": true, \"variants\": [{\"price\": \"7.99\", \"stock\": 5, \"product\": 5, \"slug\": \"atshirtsmall\", \"ref\": \"cd\", \"pk\": 1, \"music_format\": \"CD\"}, {\"price\": \"15.99\", \"stock\": 5, \"product\": 5, \"slug\": \"ramshacklesbluebellwoodsvinyl\", \"ref\": \"vinyl\", \"pk\": 4, \"music_format\": \"Vinyl\"}], \"url_path\": \"/home/products/t-shirt/\", \"search_description\": \"\", \"path\": \"0001000100010001\", \"expired\": false, \"title\": \"Ramshackles - Bluebell Woods\", \"latest_revision_created_at\": \"2017-04-11T07:57:34.168Z\", \"locked\": false, \"numchild\": 0}",
    "approved_go_live_at": null
  }
},
{
  "model": "wagtailcore.grouppagepermission",
  "pk": 1,
  "fields": {
    "group": 1,
    "page": 1,
    "permission_type": "add"
  }
},
{
  "model": "wagtailcore.grouppagepermission",
  "pk": 2,
  "fields": {
    "group": 1,
    "page": 1,
    "permission_type": "edit"
  }
},
{
  "model": "wagtailcore.grouppagepermission",
  "pk": 3,
  "fields": {
    "group": 1,
    "page": 1,
    "permission_type": "publish"
  }
},
{
  "model": "wagtailcore.grouppagepermission",
  "pk": 4,
  "fields": {
    "group": 2,
    "page": 1,
    "permission_type": "add"
  }
},
{
  "model": "wagtailcore.grouppagepermission",
  "pk": 5,
  "fields": {
    "group": 2,
    "page": 1,
    "permission_type": "edit"
  }
},
{
  "model": "wagtailcore.grouppagepermission",
  "pk": 6,
  "fields": {
    "group": 1,
    "page": 1,
    "permission_type": "lock"
  }
},
{
  "model": "wagtailcore.groupcollectionpermission",
  "pk": 1,
  "fields": {
    "group": 2,
    "collection": 1,
    "permission": 1
  }
},
{
  "model": "wagtailcore.groupcollectionpermission",
  "pk": 2,
  "fields": {
    "group": 1,
    "collection": 1,
    "permission": 1
  }
},
{
  "model": "wagtailcore.groupcollectionpermission",
  "pk": 3,
  "fields": {
    "group": 2,
    "collection": 1,
    "permission": 2
  }
},
{
  "model": "wagtailcore.groupcollectionpermission",
  "pk": 4,
  "fields": {
    "group": 1,
    "collection": 1,
    "permission": 2
  }
},
{
  "model": "wagtailcore.groupcollectionpermission",
  "pk": 5,
  "fields": {
    "group": 2,
    "collection": 1,
    "permission": 5
  }
},
{
  "model": "wagtailcore.groupcollectionpermission",
  "pk": 6,
  "fields": {
    "group": 1,
    "collection": 1,
    "permission": 5
  }
},
{
  "model": "wagtailcore.groupcollectionpermission",
  "pk": 7,
  "fields": {
    "group": 2,
    "collection": 1,
    "permission": 6
  }
},
{
  "model": "wagtailcore.groupcollectionpermission",
  "pk": 8,
  "fields": {
    "group": 1,
    "collection": 1,
    "permission": 6
  }
},
{
  "model": "longclawproducts.productindex",
  "pk": 4,
  "fields": {}
},
{
  "model": "longclawproducts.product",
  "pk": 5,
  "fields": {
    "description": "<p>Debut EP from the french/english folksters.<br/></p><p>Listen to a track from the EP:</p><p></p><embed embedtype=\"media\" url=\"https://www.youtube.com/watch?v=zp2z2JlTzxY\"/><br/><p></p>"
  }
},
{
  "model": "longclawproducts.product",
  "pk": 6,
  "fields": {
    "description": "<p>Fleet foxes debut album</p>"
  }
},
{
  "model": "longclawproducts.product",
  "pk": 7,
  "fields": {
    "description": "<p>Lorem ipsum dolor sit amet, consectetur adipiscing elit. Duis sed dapibus metus, ut semper diam. Ut ac vulputate ligula. Maecenas ut nulla id neque consequat iaculis sed venenatis augue.\u00a0</p>"
  }
},
{
  "model": "longclawproducts.product",
  "pk": 8,
  "fields": {
    "description": "<p>Lorem ipsum dolor sit amet, consectetur adipiscing elit. Donec id nibh orci. Maecenas nec convallis nulla, sit amet hendrerit orci. Nam quis orci dignissim, rutrum.</p>"
  }
},
{
  "model": "longclawproducts.product",
  "pk": 9,
  "fields": {
    "description": "<p>Lorem ipsum dolor sit amet, consectetur adipiscing elit. Sed est nisl, tempor nec magna varius, aliquam porta ipsum. Duis tempus faucibus justo sed laoreet. Proin.<br/></p>"
  }
},
{
  "model": "longclawproducts.product",
  "pk": 10,
  "fields": {
    "description": "<p><p>Lorem ipsum dolor sit amet, consectetur adipiscing elit. Maecenas diam.</p><p><br/></p></p>"
  }
},
{
  "model": "longclawproducts.product",
  "pk": 11,
  "fields": {
    "description": "<p><p>Lorem ipsum dolor sit amet, consectetur adipiscing elit. Maecenas diam.</p><p><br/></p></p>"
  }
},
{
  "model": "longclawproducts.product",
  "pk": 12,
  "fields": {
    "description": "<p><p>Seminal, critically acclaimed album from Iron &amp; Wine</p><p><br/></p></p>"
  }
},
{
  "model": "longclawproducts.product",
  "pk": 13,
  "fields": {
    "description": "<p><p>Lorem ipsum dolor sit amet, consectetur adipiscing elit. Maecenas diam.</p><p><br/></p></p>"
  }
},
{
  "model": "longclawproducts.product",
  "pk": 14,
  "fields": {
    "description": "<p>Superb sophomore album from Swedens' \u00a0The Tallest Man on Earth</p><p>Listen to the second track:</p><p></p><embed embedtype=\"media\" url=\"https://www.youtube.com/watch?v=XOlm4OIpx4s&amp;list=PL_3jRxb_XvLlWDfSSLlr4ZLEBwzYvcjRI\"/><br/><p></p>"
  }
},
{
  "model": "longclawproducts.product",
  "pk": 15,
  "fields": {
    "description": "<p>Debut album from the Swedish folkster</p>"
  }
},
{
  "model": "longclawproducts.product",
  "pk": 16,
  "fields": {
    "description": "<p><p>Lorem ipsum dolor sit amet, consectetur adipiscing elit. Maecenas diam.</p><p><br/></p></p>"
  }
},
{
  "model": "home.homepage",
  "pk": 3,
  "fields": {}
}
]
